file_id,path,first_seen,last_seen,commit_count,touches,bus_factor,sensitivity_score,sensitivity_tags
.env.example,.env.example,2026-06-06T12:16:29+06:00,2026-06-16T23:42:36+06:00,2,2,1,4.00,secrets
.github/workflows/ci.yml,.github/workflows/ci.yml,2026-06-06T12:43:46+06:00,2026-06-19T15:40:49+06:00,7,7,2,0.00,
.github/workflows/deploy.yml,.github/workflows/deploy.yml,2026-06-06T12:16:29+06:00,2026-06-13T15:21:52+06:00,8,8,1,0.00,
.github/workflows/guardrail-audit.yml,.github/workflows/guardrail-audit.yml,2026-06-19T07:57:00+06:00,2026-06-19T15:13:28+06:00,2,2,1,0.00,
.gitignore,.gitignore,2026-06-06T12:16:29+06:00,2026-06-19T15:09:19+06:00,2,2,2,0.00,
.kiro/skills/cavecrew/README.md,.kiro/skills/cavecrew/README.md,2026-06-08T17:06:36+06:00,2026-06-08T17:06:36+06:00,1,1,1,0.00,
.kiro/skills/cavecrew/SKILL.md,.kiro/skills/cavecrew/SKILL.md,2026-06-08T17:06:36+06:00,2026-06-08T17:06:36+06:00,1,1,1,0.00,
.kiro/skills/caveman-commit/README.md,.kiro/skills/caveman-commit/README.md,2026-06-08T17:06:36+06:00,2026-06-08T17:06:36+06:00,1,1,1,0.00,
.kiro/skills/caveman-commit/SKILL.md,.kiro/skills/caveman-commit/SKILL.md,2026-06-08T17:06:36+06:00,2026-06-08T17:06:36+06:00,1,1,1,0.00,
.kiro/skills/caveman-compress/README.md,.kiro/skills/caveman-compress/README.md,2026-06-08T17:06:36+06:00,2026-06-08T17:06:36+06:00,1,1,1,0.00,
.kiro/skills/caveman-compress/SECURITY.md,.kiro/skills/caveman-compress/SECURITY.md,2026-06-08T17:06:36+06:00,2026-06-08T17:06:36+06:00,1,1,1,0.00,
.kiro/skills/caveman-compress/SKILL.md,.kiro/skills/caveman-compress/SKILL.md,2026-06-08T17:06:36+06:00,2026-06-08T17:06:36+06:00,1,1,1,0.00,
.kiro/skills/caveman-compress/scripts/__init__.py,.kiro/skills/caveman-compress/scripts/__init__.py,2026-06-08T17:06:36+06:00,2026-06-08T17:06:36+06:00,1,1,1,0.00,
.kiro/skills/caveman-compress/scripts/__main__.py,.kiro/skills/caveman-compress/scripts/__main__.py,2026-06-08T17:06:36+06:00,2026-06-08T17:06:36+06:00,1,1,1,0.00,
.kiro/skills/caveman-compress/scripts/benchmark.py,.kiro/skills/caveman-compress/scripts/benchmark.py,2026-06-08T17:06:36+06:00,2026-06-08T17:06:36+06:00,1,1,1,0.00,
.kiro/skills/caveman-compress/scripts/cli.py,.kiro/skills/caveman-compress/scripts/cli.py,2026-06-08T17:06:36+06:00,2026-06-08T17:06:36+06:00,1,1,1,0.00,
.kiro/skills/caveman-compress/scripts/compress.py,.kiro/skills/caveman-compress/scripts/compress.py,2026-06-08T17:06:36+06:00,2026-06-08T17:06:36+06:00,1,1,1,0.00,
.kiro/skills/caveman-compress/scripts/detect.py,.kiro/skills/caveman-compress/scripts/detect.py,2026-06-08T17:06:36+06:00,2026-06-08T17:06:36+06:00,1,1,1,0.00,
.kiro/skills/caveman-compress/scripts/validate.py,.kiro/skills/caveman-compress/scripts/validate.py,2026-06-08T17:06:36+06:00,2026-06-08T17:06:36+06:00,1,1,1,0.00,
.kiro/skills/caveman-help/README.md,.kiro/skills/caveman-help/README.md,2026-06-08T17:06:36+06:00,2026-06-08T17:06:36+06:00,1,1,1,0.00,
.kiro/skills/caveman-help/SKILL.md,.kiro/skills/caveman-help/SKILL.md,2026-06-08T17:06:36+06:00,2026-06-08T17:06:36+06:00,1,1,1,0.00,
.kiro/skills/caveman-review/README.md,.kiro/skills/caveman-review/README.md,2026-06-08T17:06:36+06:00,2026-06-08T17:06:36+06:00,1,1,1,0.00,
.kiro/skills/caveman-review/SKILL.md,.kiro/skills/caveman-review/SKILL.md,2026-06-08T17:06:36+06:00,2026-06-08T17:06:36+06:00,1,1,1,0.00,
.kiro/skills/caveman-stats/README.md,.kiro/skills/caveman-stats/README.md,2026-06-08T17:06:36+06:00,2026-06-08T17:06:36+06:00,1,1,1,0.00,
.kiro/skills/caveman-stats/SKILL.md,.kiro/skills/caveman-stats/SKILL.md,2026-06-08T17:06:36+06:00,2026-06-08T17:06:36+06:00,1,1,1,0.00,
.kiro/skills/caveman/README.md,.kiro/skills/caveman/README.md,2026-06-08T17:06:36+06:00,2026-06-08T17:06:36+06:00,1,1,1,0.00,
.kiro/skills/caveman/SKILL.md,.kiro/skills/caveman/SKILL.md,2026-06-08T17:06:36+06:00,2026-06-08T17:06:36+06:00,1,1,1,0.00,
.kiro/specs/staff-operations-v2/.config.kiro,.kiro/specs/staff-operations-v2/.config.kiro,2026-06-07T13:57:57+06:00,2026-06-07T13:57:57+06:00,1,1,1,0.00,
.kiro/specs/staff-operations-v2/design.md,.kiro/specs/staff-operations-v2/design.md,2026-06-07T13:57:57+06:00,2026-06-07T13:57:57+06:00,1,1,1,0.00,
.kiro/specs/staff-operations-v2/requirements.md,.kiro/specs/staff-operations-v2/requirements.md,2026-06-07T13:57:57+06:00,2026-06-07T18:09:04+06:00,2,2,1,0.00,
.kiro/specs/staff-operations-v2/tasks.md,.kiro/specs/staff-operations-v2/tasks.md,2026-06-07T13:57:57+06:00,2026-06-07T13:57:57+06:00,1,1,1,0.00,
.nvmrc,.nvmrc,2026-06-13T15:21:52+06:00,2026-06-13T15:21:52+06:00,1,1,1,0.00,
.tmp-launch-dev.ps1,.tmp-launch-dev.ps1,2026-06-18T19:30:40+06:00,2026-06-18T19:30:40+06:00,1,1,1,0.00,
.tmp-start-dev.bat,.tmp-start-dev.bat,2026-06-18T19:30:40+06:00,2026-06-18T19:30:40+06:00,1,1,1,0.00,
.tmp_master_plan.txt,.tmp_master_plan.txt,2026-06-06T20:42:11+06:00,2026-06-06T20:42:11+06:00,1,1,1,0.00,
.wrangler-config/README.md,.wrangler-config/README.md,2026-06-17T00:07:38+06:00,2026-06-17T00:07:38+06:00,1,1,1,0.00,
.wrangler-config/chunks/ComingSoon_uVxpAChw.mjs,.wrangler-config/chunks/ComingSoon_uVxpAChw.mjs,2026-06-17T00:07:38+06:00,2026-06-17T00:07:38+06:00,1,1,1,0.00,
.wrangler-config/chunks/PageHeader_93CCipe8.mjs,.wrangler-config/chunks/PageHeader_93CCipe8.mjs,2026-06-17T00:07:38+06:00,2026-06-17T00:07:38+06:00,1,1,1,0.00,
.wrangler-config/chunks/RootLayout_-lZcb627.mjs,.wrangler-config/chunks/RootLayout_-lZcb627.mjs,2026-06-17T00:07:38+06:00,2026-06-17T00:07:38+06:00,1,1,1,0.00,
.wrangler-config/chunks/StaffLayout_CdcerS8F.mjs,.wrangler-config/chunks/StaffLayout_CdcerS8F.mjs,2026-06-17T00:07:38+06:00,2026-06-17T00:07:38+06:00,1,1,1,0.00,
.wrangler-config/chunks/StepUpRequired_13j4Wiz0.mjs,.wrangler-config/chunks/StepUpRequired_13j4Wiz0.mjs,2026-06-17T00:07:38+06:00,2026-06-17T00:07:38+06:00,1,1,1,0.00,
.wrangler-config/chunks/_id__D8oks4X1.mjs,.wrangler-config/chunks/_id__D8oks4X1.mjs,2026-06-17T00:07:38+06:00,2026-06-17T00:07:38+06:00,1,1,1,0.00,
.wrangler-config/chunks/_id__DtEo4TUx.mjs,.wrangler-config/chunks/_id__DtEo4TUx.mjs,2026-06-17T00:07:38+06:00,2026-06-17T00:07:38+06:00,1,1,1,0.00,
.wrangler-config/chunks/_id__DtVq5sXd.mjs,.wrangler-config/chunks/_id__DtVq5sXd.mjs,2026-06-17T00:07:38+06:00,2026-06-17T00:07:38+06:00,1,1,1,0.00,
.wrangler-config/chunks/_id__gHvP1a7j.mjs,.wrangler-config/chunks/_id__gHvP1a7j.mjs,2026-06-17T00:07:38+06:00,2026-06-17T00:07:38+06:00,1,1,1,0.00,
.wrangler-config/chunks/_variantId__DlEC72nb.mjs,.wrangler-config/chunks/_variantId__DlEC72nb.mjs,2026-06-17T00:07:38+06:00,2026-06-17T00:07:38+06:00,1,1,1,0.00,
.wrangler-config/chunks/_virtual_astro_server-island-manifest_CFl7y3Qj.mjs,.wrangler-config/chunks/_virtual_astro_server-island-manifest_CFl7y3Qj.mjs,2026-06-17T00:07:38+06:00,2026-06-17T00:07:38+06:00,1,1,1,0.00,
.wrangler-config/chunks/_virtual_astro_session-driver_Csu6PJY6.mjs,.wrangler-config/chunks/_virtual_astro_session-driver_Csu6PJY6.mjs,2026-06-17T00:07:38+06:00,2026-06-17T00:07:38+06:00,1,1,1,0.00,
.wrangler-config/chunks/approve_BUqd8FbD.mjs,.wrangler-config/chunks/approve_BUqd8FbD.mjs,2026-06-17T00:07:38+06:00,2026-06-17T00:07:38+06:00,1,1,1,0.00,
.wrangler-config/chunks/archive_f26U-gzZ.mjs,.wrangler-config/chunks/archive_f26U-gzZ.mjs,2026-06-17T00:07:38+06:00,2026-06-17T00:07:38+06:00,1,1,1,0.00,
.wrangler-config/chunks/astro-component_mvRJbLGV.mjs,.wrangler-config/chunks/astro-component_mvRJbLGV.mjs,2026-06-17T00:07:38+06:00,2026-06-17T00:07:38+06:00,1,1,1,0.00,
.wrangler-config/chunks/backup_l7iqoZhn.mjs,.wrangler-config/chunks/backup_l7iqoZhn.mjs,2026-06-17T00:07:38+06:00,2026-06-17T00:07:38+06:00,1,1,1,0.00,
.wrangler-config/chunks/check_B_EMctBi.mjs,.wrangler-config/chunks/check_B_EMctBi.mjs,2026-06-17T00:07:38+06:00,2026-06-17T00:07:38+06:00,1,1,1,0.00,
.wrangler-config/chunks/checkout__6jbg7YP.mjs,.wrangler-config/chunks/checkout__6jbg7YP.mjs,2026-06-17T00:07:38+06:00,2026-06-17T00:07:38+06:00,1,1,1,0.00,
.wrangler-config/chunks/checkout_kPPoCdyZ.mjs,.wrangler-config/chunks/checkout_kPPoCdyZ.mjs,2026-06-17T00:07:38+06:00,2026-06-17T00:07:38+06:00,1,1,1,0.00,
.wrangler-config/chunks/confirm_cP0MnBDm.mjs,.wrangler-config/chunks/confirm_cP0MnBDm.mjs,2026-06-17T00:07:38+06:00,2026-06-17T00:07:38+06:00,1,1,1,0.00,
.wrangler-config/chunks/courier_BRm3jzht.mjs,.wrangler-config/chunks/courier_BRm3jzht.mjs,2026-06-17T00:07:38+06:00,2026-06-17T00:07:38+06:00,1,1,1,0.00,
.wrangler-config/chunks/create_Cl5FEgPy.mjs,.wrangler-config/chunks/create_Cl5FEgPy.mjs,2026-06-17T00:07:38+06:00,2026-06-17T00:07:38+06:00,1,1,1,0.00,
.wrangler-config/chunks/create_DKTSp6Sn.mjs,.wrangler-config/chunks/create_DKTSp6Sn.mjs,2026-06-17T00:07:38+06:00,2026-06-17T00:07:38+06:00,1,1,1,0.00,
.wrangler-config/chunks/critical-auth_D2TvZBIE.mjs,.wrangler-config/chunks/critical-auth_D2TvZBIE.mjs,2026-06-17T00:07:38+06:00,2026-06-17T00:07:38+06:00,1,1,1,0.00,
.wrangler-config/chunks/env_BNqnkDbh.mjs,.wrangler-config/chunks/env_BNqnkDbh.mjs,2026-06-17T00:07:38+06:00,2026-06-17T00:07:38+06:00,1,1,1,0.00,
.wrangler-config/chunks/escalations_ebBK1T9u.mjs,.wrangler-config/chunks/escalations_ebBK1T9u.mjs,2026-06-17T00:07:38+06:00,2026-06-17T00:07:38+06:00,1,1,1,0.00,
.wrangler-config/chunks/fraud_BFITCOJK.mjs,.wrangler-config/chunks/fraud_BFITCOJK.mjs,2026-06-17T00:07:38+06:00,2026-06-17T00:07:38+06:00,1,1,1,0.00,
.wrangler-config/chunks/generate-product-content_CRIbW4oc.mjs,.wrangler-config/chunks/generate-product-content_CRIbW4oc.mjs,2026-06-17T00:07:38+06:00,2026-06-17T00:07:38+06:00,1,1,1,0.00,
.wrangler-config/chunks/idempotency_CO3IC1mN.mjs,.wrangler-config/chunks/idempotency_CO3IC1mN.mjs,2026-06-17T00:07:38+06:00,2026-06-17T00:07:38+06:00,1,1,1,0.00,
.wrangler-config/chunks/image-passthrough-endpoint_Bil1upTj.mjs,.wrangler-config/chunks/image-passthrough-endpoint_Bil1upTj.mjs,2026-06-17T00:07:38+06:00,2026-06-17T00:07:38+06:00,1,1,1,0.00,
.wrangler-config/chunks/image-service-workerd_Kqic3UoW.mjs,.wrangler-config/chunks/image-service-workerd_Kqic3UoW.mjs,2026-06-17T00:07:38+06:00,2026-06-17T00:07:38+06:00,1,1,1,0.00,
.wrangler-config/chunks/index_AH1ceJhv.mjs,.wrangler-config/chunks/index_AH1ceJhv.mjs,2026-06-17T00:07:38+06:00,2026-06-17T00:07:38+06:00,1,1,1,0.00,
.wrangler-config/chunks/index_B6G4NjUv.mjs,.wrangler-config/chunks/index_B6G4NjUv.mjs,2026-06-17T00:07:38+06:00,2026-06-17T00:07:38+06:00,1,1,1,0.00,
.wrangler-config/chunks/index_B6rO3MRI.mjs,.wrangler-config/chunks/index_B6rO3MRI.mjs,2026-06-17T00:07:38+06:00,2026-06-17T00:07:38+06:00,1,1,1,0.00,
.wrangler-config/chunks/index_B8vm4GgX.mjs,.wrangler-config/chunks/index_B8vm4GgX.mjs,2026-06-17T00:07:38+06:00,2026-06-17T00:07:38+06:00,1,1,1,0.00,
.wrangler-config/chunks/index_BT7bzJl3.mjs,.wrangler-config/chunks/index_BT7bzJl3.mjs,2026-06-17T00:07:38+06:00,2026-06-17T00:07:38+06:00,1,1,1,0.00,
.wrangler-config/chunks/index_BfEwkAYd.mjs,.wrangler-config/chunks/index_BfEwkAYd.mjs,2026-06-17T00:07:38+06:00,2026-06-17T00:07:38+06:00,1,1,1,0.00,
.wrangler-config/chunks/index_Bg9oOOZY.mjs,.wrangler-config/chunks/index_Bg9oOOZY.mjs,2026-06-17T00:07:38+06:00,2026-06-17T00:07:38+06:00,1,1,1,0.00,
.wrangler-config/chunks/index_C5jU1LQA.mjs,.wrangler-config/chunks/index_C5jU1LQA.mjs,2026-06-17T00:07:38+06:00,2026-06-17T00:07:38+06:00,1,1,1,0.00,
.wrangler-config/chunks/index_C72KvVBh.mjs,.wrangler-config/chunks/index_C72KvVBh.mjs,2026-06-17T00:07:38+06:00,2026-06-17T00:07:38+06:00,1,1,1,0.00,
.wrangler-config/chunks/index_CdVBV3Y5.mjs,.wrangler-config/chunks/index_CdVBV3Y5.mjs,2026-06-17T00:07:38+06:00,2026-06-17T00:07:38+06:00,1,1,1,0.00,
.wrangler-config/chunks/index_CnQckOW2.mjs,.wrangler-config/chunks/index_CnQckOW2.mjs,2026-06-17T00:07:38+06:00,2026-06-17T00:07:38+06:00,1,1,1,0.00,
.wrangler-config/chunks/index_DAWbGEUk.mjs,.wrangler-config/chunks/index_DAWbGEUk.mjs,2026-06-17T00:07:38+06:00,2026-06-17T00:07:38+06:00,1,1,1,0.00,
.wrangler-config/chunks/index_DCy9xF0Z.mjs,.wrangler-config/chunks/index_DCy9xF0Z.mjs,2026-06-17T00:07:38+06:00,2026-06-17T00:07:38+06:00,1,1,1,0.00,
.wrangler-config/chunks/index_DIp3Mg1e.mjs,.wrangler-config/chunks/index_DIp3Mg1e.mjs,2026-06-17T00:07:38+06:00,2026-06-17T00:07:38+06:00,1,1,1,0.00,
.wrangler-config/chunks/index_DNbAIGGP.mjs,.wrangler-config/chunks/index_DNbAIGGP.mjs,2026-06-17T00:07:38+06:00,2026-06-17T00:07:38+06:00,1,1,1,0.00,
.wrangler-config/chunks/index_DrJ25IDf.mjs,.wrangler-config/chunks/index_DrJ25IDf.mjs,2026-06-17T00:07:38+06:00,2026-06-17T00:07:38+06:00,1,1,1,0.00,
.wrangler-config/chunks/index_DuPUWDZH.mjs,.wrangler-config/chunks/index_DuPUWDZH.mjs,2026-06-17T00:07:38+06:00,2026-06-17T00:07:38+06:00,1,1,1,0.00,
.wrangler-config/chunks/index_FafEQsgT.mjs,.wrangler-config/chunks/index_FafEQsgT.mjs,2026-06-17T00:07:38+06:00,2026-06-17T00:07:38+06:00,1,1,1,0.00,
.wrangler-config/chunks/index_GdRhhxsa.mjs,.wrangler-config/chunks/index_GdRhhxsa.mjs,2026-06-17T00:07:38+06:00,2026-06-17T00:07:38+06:00,1,1,1,0.00,
.wrangler-config/chunks/index_TCdh3jDK.mjs,.wrangler-config/chunks/index_TCdh3jDK.mjs,2026-06-17T00:07:38+06:00,2026-06-17T00:07:38+06:00,1,1,1,0.00,
.wrangler-config/chunks/index_W8Hi7eYU.mjs,.wrangler-config/chunks/index_W8Hi7eYU.mjs,2026-06-17T00:07:38+06:00,2026-06-17T00:07:38+06:00,1,1,1,0.00,
.wrangler-config/chunks/index_s1BwOz8T.mjs,.wrangler-config/chunks/index_s1BwOz8T.mjs,2026-06-17T00:07:38+06:00,2026-06-17T00:07:38+06:00,1,1,1,0.00,
.wrangler-config/chunks/instore_DHjJTucs.mjs,.wrangler-config/chunks/instore_DHjJTucs.mjs,2026-06-17T00:07:38+06:00,2026-06-17T00:07:38+06:00,1,1,1,0.00,
.wrangler-config/chunks/inventory-reconcile_DQy_6rUh.mjs,.wrangler-config/chunks/inventory-reconcile_DQy_6rUh.mjs,2026-06-17T00:07:38+06:00,2026-06-17T00:07:38+06:00,1,1,1,0.00,
.wrangler-config/chunks/label_DuEjYKaW.mjs,.wrangler-config/chunks/label_DuEjYKaW.mjs,2026-06-17T00:07:38+06:00,2026-06-17T00:07:38+06:00,1,1,1,0.00,
.wrangler-config/chunks/login_BmVUZXTC.mjs,.wrangler-config/chunks/login_BmVUZXTC.mjs,2026-06-17T00:07:38+06:00,2026-06-17T00:07:38+06:00,1,1,1,0.00,
.wrangler-config/chunks/login_JdV5o92G.mjs,.wrangler-config/chunks/login_JdV5o92G.mjs,2026-06-17T00:07:38+06:00,2026-06-17T00:07:38+06:00,1,1,1,0.00,
.wrangler-config/chunks/logout_bOF4M5u2.mjs,.wrangler-config/chunks/logout_bOF4M5u2.mjs,2026-06-17T00:07:38+06:00,2026-06-17T00:07:38+06:00,1,1,1,0.00,
.wrangler-config/chunks/money_DWLDQpFs.mjs,.wrangler-config/chunks/money_DWLDQpFs.mjs,2026-06-17T00:07:38+06:00,2026-06-17T00:07:38+06:00,1,1,1,0.00,
.wrangler-config/chunks/new_8JLQFw_W.mjs,.wrangler-config/chunks/new_8JLQFw_W.mjs,2026-06-17T00:07:38+06:00,2026-06-17T00:07:38+06:00,1,1,1,0.00,
.wrangler-config/chunks/noop-entrypoint_DsBX4kaI.mjs,.wrangler-config/chunks/noop-entrypoint_DsBX4kaI.mjs,2026-06-17T00:07:38+06:00,2026-06-17T00:07:38+06:00,1,1,1,0.00,
.wrangler-config/chunks/notes_BhgBD4dN.mjs,.wrangler-config/chunks/notes_BhgBD4dN.mjs,2026-06-17T00:07:38+06:00,2026-06-17T00:07:38+06:00,1,1,1,0.00,
.wrangler-config/chunks/order-track_CLma5IsY.mjs,.wrangler-config/chunks/order-track_CLma5IsY.mjs,2026-06-17T00:07:38+06:00,2026-06-17T00:07:38+06:00,1,1,1,0.00,
.wrangler-config/chunks/orders_CKY19a5U.mjs,.wrangler-config/chunks/orders_CKY19a5U.mjs,2026-06-17T00:07:38+06:00,2026-06-17T00:07:38+06:00,1,1,1,0.00,
.wrangler-config/chunks/orders_fdHBLWZP.mjs,.wrangler-config/chunks/orders_fdHBLWZP.mjs,2026-06-17T00:07:38+06:00,2026-06-17T00:07:38+06:00,1,1,1,0.00,
.wrangler-config/chunks/override_H1zyAkHr.mjs,.wrangler-config/chunks/override_H1zyAkHr.mjs,2026-06-17T00:07:38+06:00,2026-06-17T00:07:38+06:00,1,1,1,0.00,
.wrangler-config/chunks/packed_ByFzFczJ.mjs,.wrangler-config/chunks/packed_ByFzFczJ.mjs,2026-06-17T00:07:38+06:00,2026-06-17T00:07:38+06:00,1,1,1,0.00,
.wrangler-config/chunks/partial-prepay_C6TCu-y0.mjs,.wrangler-config/chunks/partial-prepay_C6TCu-y0.mjs,2026-06-17T00:07:38+06:00,2026-06-17T00:07:38+06:00,1,1,1,0.00,
.wrangler-config/chunks/password_oS77SVcG.mjs,.wrangler-config/chunks/password_oS77SVcG.mjs,2026-06-17T00:07:38+06:00,2026-06-17T00:07:38+06:00,1,1,1,0.00,
.wrangler-config/chunks/phone_DlB2NzV4.mjs,.wrangler-config/chunks/phone_DlB2NzV4.mjs,2026-06-17T00:07:38+06:00,2026-06-17T00:07:38+06:00,1,1,1,0.00,
.wrangler-config/chunks/prepayment_DI60rxz8.mjs,.wrangler-config/chunks/prepayment_DI60rxz8.mjs,2026-06-17T00:07:38+06:00,2026-06-17T00:07:38+06:00,1,1,1,0.00,
.wrangler-config/chunks/queue-publisher_D3CwF_TA.mjs,.wrangler-config/chunks/queue-publisher_D3CwF_TA.mjs,2026-06-17T00:07:38+06:00,2026-06-17T00:07:38+06:00,1,1,1,0.00,
.wrangler-config/chunks/rbac_cfH-YcoZ.mjs,.wrangler-config/chunks/rbac_cfH-YcoZ.mjs,2026-06-17T00:07:38+06:00,2026-06-17T00:07:38+06:00,1,1,1,0.00,
.wrangler-config/chunks/reconciliation_C1TpCyLz.mjs,.wrangler-config/chunks/reconciliation_C1TpCyLz.mjs,2026-06-17T00:07:38+06:00,2026-06-17T00:07:38+06:00,1,1,1,0.00,
.wrangler-config/chunks/reject_DU4nWP51.mjs,.wrangler-config/chunks/reject_DU4nWP51.mjs,2026-06-17T00:07:38+06:00,2026-06-17T00:07:38+06:00,1,1,1,0.00,
.wrangler-config/chunks/script_CSzDbyjI.mjs,.wrangler-config/chunks/script_CSzDbyjI.mjs,2026-06-17T00:07:38+06:00,2026-06-17T00:07:38+06:00,1,1,1,0.00,
.wrangler-config/chunks/search_CVkLeTfK.mjs,.wrangler-config/chunks/search_CVkLeTfK.mjs,2026-06-17T00:07:38+06:00,2026-06-17T00:07:38+06:00,1,1,1,0.00,
.wrangler-config/chunks/search_CzZBN1Ic.mjs,.wrangler-config/chunks/search_CzZBN1Ic.mjs,2026-06-17T00:07:38+06:00,2026-06-17T00:07:38+06:00,1,1,1,0.00,
.wrangler-config/chunks/search_DyMyhzj2.mjs,.wrangler-config/chunks/search_DyMyhzj2.mjs,2026-06-17T00:07:38+06:00,2026-06-17T00:07:38+06:00,1,1,1,0.00,
.wrangler-config/chunks/security_CY3I9xIU.mjs,.wrangler-config/chunks/security_CY3I9xIU.mjs,2026-06-17T00:07:38+06:00,2026-06-17T00:07:38+06:00,1,1,1,0.00,
.wrangler-config/chunks/sequence_XySMyPne.mjs,.wrangler-config/chunks/sequence_XySMyPne.mjs,2026-06-17T00:07:38+06:00,2026-06-17T00:07:38+06:00,1,1,1,0.00,
.wrangler-config/chunks/sessions_BoTS18Dm.mjs,.wrangler-config/chunks/sessions_BoTS18Dm.mjs,2026-06-17T00:07:38+06:00,2026-06-17T00:07:38+06:00,1,1,1,0.00,
.wrangler-config/chunks/sitemap_B6g46jNp.mjs,.wrangler-config/chunks/sitemap_B6g46jNp.mjs,2026-06-17T00:07:38+06:00,2026-06-17T00:07:38+06:00,1,1,1,0.00,
.wrangler-config/chunks/slips_B98uEZBN.mjs,.wrangler-config/chunks/slips_B98uEZBN.mjs,2026-06-17T00:07:38+06:00,2026-06-17T00:07:38+06:00,1,1,1,0.00,
.wrangler-config/chunks/step-up_CqqCBoTo.mjs,.wrangler-config/chunks/step-up_CqqCBoTo.mjs,2026-06-17T00:07:38+06:00,2026-06-17T00:07:38+06:00,1,1,1,0.00,
.wrangler-config/chunks/tinify_Bgri1Y52.mjs,.wrangler-config/chunks/tinify_Bgri1Y52.mjs,2026-06-17T00:07:38+06:00,2026-06-17T00:07:38+06:00,1,1,1,0.00,
.wrangler-config/chunks/track_CV5TfOwA.mjs,.wrangler-config/chunks/track_CV5TfOwA.mjs,2026-06-17T00:07:38+06:00,2026-06-17T00:07:38+06:00,1,1,1,0.00,
.wrangler-config/chunks/turnstile_DZLnxhOe.mjs,.wrangler-config/chunks/turnstile_DZLnxhOe.mjs,2026-06-17T00:07:38+06:00,2026-06-17T00:07:38+06:00,1,1,1,0.00,
.wrangler-config/chunks/uploads__9ul-7Lp.mjs,.wrangler-config/chunks/uploads__9ul-7Lp.mjs,2026-06-17T00:07:38+06:00,2026-06-17T00:07:38+06:00,1,1,1,0.00,
.wrangler-config/chunks/webhook_DwICHqBE.mjs,.wrangler-config/chunks/webhook_DwICHqBE.mjs,2026-06-17T00:07:38+06:00,2026-06-17T00:07:38+06:00,1,1,1,0.00,
.wrangler-config/chunks/worker-entry_CjpE2ho_.mjs,.wrangler-config/chunks/worker-entry_CjpE2ho_.mjs,2026-06-17T00:07:38+06:00,2026-06-17T00:07:38+06:00,1,1,1,0.00,
.wrangler-config/entry.mjs,.wrangler-config/entry.mjs,2026-06-17T00:07:38+06:00,2026-06-17T00:07:38+06:00,1,1,1,0.00,
.wrangler-config/virtual_astro_middleware.mjs,.wrangler-config/virtual_astro_middleware.mjs,2026-06-17T00:07:38+06:00,2026-06-17T00:07:38+06:00,1,1,1,0.00,
07-VERIFICATION-COMMANDS.md,07-VERIFICATION-COMMANDS.md,2026-06-19T22:00:56+06:00,2026-06-19T22:00:56+06:00,1,1,1,0.00,
08-FALSE-CONFIDENCE-REPORT.md,08-FALSE-CONFIDENCE-REPORT.md,2026-06-19T22:00:56+06:00,2026-06-19T22:00:56+06:00,1,1,1,0.00,
AGENTS.md,AGENTS.md,2026-06-06T12:16:29+06:00,2026-06-18T16:19:58+06:00,3,3,1,0.00,
ASTRO_FRONTEND_HANDOFF.md,ASTRO_FRONTEND_HANDOFF.md,2026-06-06T12:16:29+06:00,2026-06-18T16:19:58+06:00,2,2,1,0.00,
AUDIT_REPORT.md,AUDIT_REPORT.md,2026-06-18T23:43:47+06:00,2026-06-19T14:39:02+06:00,2,2,1,0.00,
Bug_fixing_prompt.md,Bug_fixing_prompt.md,2026-06-16T23:02:23+06:00,2026-06-18T16:19:58+06:00,2,2,1,0.00,
CHANGELOG.md,CHANGELOG.md,2026-06-17T00:07:38+06:00,2026-06-18T16:19:58+06:00,2,2,1,0.00,
DEPLOYMENT.md,DEPLOYMENT.md,2026-06-17T00:07:38+06:00,2026-06-18T16:19:58+06:00,2,2,1,0.00,
FINAL_EXECUTION_REPORT.md,FINAL_EXECUTION_REPORT.md,2026-06-19T05:01:56+06:00,2026-06-19T14:39:02+06:00,7,7,1,0.00,
GAP_FIX_LIST.md,GAP_FIX_LIST.md,2026-06-19T05:01:56+06:00,2026-06-19T14:39:02+06:00,6,6,1,0.00,
Master_Prompt.md,Master_Prompt.md,2026-06-16T18:38:40+06:00,2026-06-18T16:19:58+06:00,2,2,1,0.00,
README.md,README.md,2026-06-06T12:16:29+06:00,2026-06-19T20:59:40+06:00,13,13,2,0.00,
ZABIR_BOUTIQUES_MASTER_PLAN_v6.8C.md,ZABIR_BOUTIQUES_MASTER_PLAN_v6.8C.md,2026-06-06T20:04:43+06:00,2026-06-07T16:06:25+06:00,2,2,1,0.00,
ZABIR_BOUTIQUES_MASTER_PLAN_v6.8D.md,ZABIR_BOUTIQUES_MASTER_PLAN_v6.8D.md,2026-06-07T16:06:25+06:00,2026-06-16T17:44:51+06:00,3,3,1,0.00,
Zabir_Boutiques_Master_Plan.md,Zabir_Boutiques_Master_Plan.md,2026-06-16T17:44:51+06:00,2026-06-19T15:01:08+06:00,6,6,2,0.00,
Zabir_Boutiques_System_Architecture_diagram.html,Zabir_Boutiques_System_Architecture_diagram.html,2026-06-18T19:30:40+06:00,2026-06-18T19:30:40+06:00,1,1,1,0.00,
astro.config.mjs,astro.config.mjs,2026-06-06T12:16:29+06:00,2026-06-19T05:01:56+06:00,15,15,2,0.00,
db/migrations/0001_initial_v6_8a_schema.sql,db/migrations/0001_initial_v6_8a_schema.sql,2026-06-06T12:16:29+06:00,2026-06-19T14:39:02+06:00,8,8,2,1.00,schema
db/migrations/0002_indexes.sql,db/migrations/0002_indexes.sql,2026-06-06T12:16:29+06:00,2026-06-06T13:28:12+06:00,2,2,1,1.00,schema
db/migrations/0003_staff_operations_v2.sql,db/migrations/0003_staff_operations_v2.sql,2026-06-07T13:57:57+06:00,2026-06-19T05:01:56+06:00,3,3,2,1.00,schema
db/migrations/0004_partial_prepay.sql,db/migrations/0004_partial_prepay.sql,2026-06-07T16:06:25+06:00,2026-06-07T18:09:04+06:00,2,2,1,1.00,schema
db/migrations/0005_password_salt.sql,db/migrations/0005_password_salt.sql,2026-06-07T21:14:22+06:00,2026-06-07T21:14:22+06:00,1,1,1,1.00,schema
db/migrations/0006_api_keys.sql,db/migrations/0006_api_keys.sql,2026-06-07T21:14:22+06:00,2026-06-07T21:14:22+06:00,1,1,1,1.00,schema
db/migrations/0007_audit_chain.sql,db/migrations/0007_audit_chain.sql,2026-06-07T21:14:22+06:00,2026-06-07T21:14:22+06:00,1,1,1,1.00,schema
db/migrations/0008_security_hardening.sql,db/migrations/0008_security_hardening.sql,2026-06-08T11:55:42+06:00,2026-06-08T11:55:42+06:00,1,1,1,1.00,schema
db/migrations/0009_staff_roles_developer_auditor.sql,db/migrations/0009_staff_roles_developer_auditor.sql,2026-06-08T17:06:36+06:00,2026-06-08T18:49:04+06:00,2,2,1,1.00,schema
db/migrations/0010_coupon_claim_tokens.sql,db/migrations/0010_coupon_claim_tokens.sql,2026-06-16T17:12:22+06:00,2026-06-16T17:12:22+06:00,1,1,1,1.00,schema
db/migrations/0011_master_prompt_v7_gaps.sql,db/migrations/0011_master_prompt_v7_gaps.sql,2026-06-16T18:38:40+06:00,2026-06-16T18:38:40+06:00,1,1,1,1.00,schema
db/migrations/0012_fts5_search.sql,db/migrations/0012_fts5_search.sql,2026-06-16T18:38:40+06:00,2026-06-16T18:38:40+06:00,1,1,1,1.00,schema
db/migrations/0013_order_state_machine_constraints.sql,db/migrations/0013_order_state_machine_constraints.sql,2026-06-16T23:02:23+06:00,2026-06-16T23:02:23+06:00,1,1,1,1.00,schema
db/migrations/0014_inventory_baseline.sql,db/migrations/0014_inventory_baseline.sql,2026-06-16T23:42:36+06:00,2026-06-16T23:42:36+06:00,1,1,1,1.00,schema
db/migrations/0015_tamper_lockout.sql,db/migrations/0015_tamper_lockout.sql,2026-06-17T00:43:13+06:00,2026-06-17T00:43:13+06:00,1,1,1,1.00,schema
db/migrations/0016_invoices.sql,db/migrations/0016_invoices.sql,2026-06-17T00:59:39+06:00,2026-06-17T00:59:39+06:00,1,1,1,1.00,schema
db/migrations/0017_variants_stock_generated.sql,db/migrations/0017_variants_stock_generated.sql,2026-06-18T00:29:58+06:00,2026-06-18T00:29:58+06:00,1,1,1,1.00,schema
db/migrations/0018_schema_constraints.sql,db/migrations/0018_schema_constraints.sql,2026-06-18T01:18:31+06:00,2026-06-18T01:18:31+06:00,1,1,1,1.00,schema
db/migrations/0019_cart_activity.sql,db/migrations/0019_cart_activity.sql,2026-06-18T16:19:58+06:00,2026-06-18T16:19:58+06:00,1,1,1,1.00,schema
db/migrations/0020_staff_totp.sql,db/migrations/0020_staff_totp.sql,2026-06-18T17:00:14+06:00,2026-06-18T17:00:14+06:00,1,1,1,1.00,schema
db/migrations/0021_create_otp_secrets.sql,db/migrations/0021_create_otp_secrets.sql,2026-06-18T23:43:47+06:00,2026-06-18T23:43:47+06:00,1,1,1,1.00,schema
db/migrations/0022_create_api_audit_logs.sql,db/migrations/0022_create_api_audit_logs.sql,2026-06-18T23:43:47+06:00,2026-06-18T23:43:47+06:00,1,1,1,1.00,schema
db/migrations/0023_create_ai_budget_limits.sql,db/migrations/0023_create_ai_budget_limits.sql,2026-06-18T23:43:47+06:00,2026-06-18T23:43:47+06:00,1,1,1,1.00,schema
db/migrations/0024_stock_reservations_unique_constraint.sql,db/migrations/0024_stock_reservations_unique_constraint.sql,2026-06-18T23:43:47+06:00,2026-06-19T06:42:55+06:00,2,2,1,1.00,schema
db/migrations/0025_cart_activity_v7_cleanup.sql,db/migrations/0025_cart_activity_v7_cleanup.sql,2026-06-18T23:43:47+06:00,2026-06-18T23:43:47+06:00,1,1,1,1.00,schema
db/migrations/0026_add_checkout_vat_paisa.sql,db/migrations/0026_add_checkout_vat_paisa.sql,2026-06-18T23:43:47+06:00,2026-06-18T23:43:47+06:00,1,1,1,1.00,schema
db/migrations/0027_stock_reservations_status_rebuild.sql,db/migrations/0027_stock_reservations_status_rebuild.sql,2026-06-19T05:01:56+06:00,2026-06-19T06:42:55+06:00,2,2,1,1.00,schema
db/migrations/0028_fix_stock_reservations_active_index_shape.sql,db/migrations/0028_fix_stock_reservations_active_index_shape.sql,2026-06-19T06:42:55+06:00,2026-06-19T06:42:55+06:00,1,1,1,1.00,schema
db/migrations/0029_customer_phone_otp.sql,db/migrations/0029_customer_phone_otp.sql,2026-06-19T08:54:47+06:00,2026-06-19T08:54:47+06:00,1,1,1,1.00,schema
db/migrations/0030_staff_sessions_step_up.sql,db/migrations/0030_staff_sessions_step_up.sql,2026-06-19T14:39:02+06:00,2026-06-19T14:39:02+06:00,1,1,1,1.00,schema
db/migrations/0031_order_courier_handoff.sql,db/migrations/0031_order_courier_handoff.sql,2026-06-19T15:01:08+06:00,2026-06-19T15:01:08+06:00,1,1,1,1.00,schema
db/migrations/0032_payments_order_unique_active.sql,db/migrations/0032_payments_order_unique_active.sql,2026-06-19T20:35:33+06:00,2026-06-19T20:35:33+06:00,1,1,1,1.00,schema
db/migrations/0033_direct_checkout_activity.sql,db/migrations/0033_direct_checkout_activity.sql,2026-06-19T20:39:54+06:00,2026-06-19T20:59:40+06:00,2,2,1,1.00,schema
db/migrations/rollback/0001_rollback_initial_v6_8a_schema.sql,db/migrations/rollback/0001_rollback_initial_v6_8a_schema.sql,2026-06-16T23:42:36+06:00,2026-06-16T23:42:36+06:00,1,1,1,1.00,schema
db/migrations/rollback/0002_rollback_indexes.sql,db/migrations/rollback/0002_rollback_indexes.sql,2026-06-16T23:42:36+06:00,2026-06-16T23:42:36+06:00,1,1,1,1.00,schema
db/migrations/rollback/0003_rollback_staff_operations_v2.sql,db/migrations/rollback/0003_rollback_staff_operations_v2.sql,2026-06-16T23:42:36+06:00,2026-06-16T23:42:36+06:00,1,1,1,1.00,schema
db/migrations/rollback/0004_rollback_partial_prepay.sql,db/migrations/rollback/0004_rollback_partial_prepay.sql,2026-06-16T23:42:36+06:00,2026-06-16T23:42:36+06:00,1,1,1,1.00,schema
db/migrations/rollback/0005_rollback_password_salt.sql,db/migrations/rollback/0005_rollback_password_salt.sql,2026-06-16T23:42:36+06:00,2026-06-16T23:42:36+06:00,1,1,1,1.00,schema
db/migrations/rollback/0006_rollback_api_keys.sql,db/migrations/rollback/0006_rollback_api_keys.sql,2026-06-16T23:42:36+06:00,2026-06-16T23:42:36+06:00,1,1,1,1.00,schema
db/migrations/rollback/0007_rollback_audit_chain.sql,db/migrations/rollback/0007_rollback_audit_chain.sql,2026-06-16T23:42:36+06:00,2026-06-16T23:42:36+06:00,1,1,1,1.00,schema
db/migrations/rollback/0008_rollback_security_hardening.sql,db/migrations/rollback/0008_rollback_security_hardening.sql,2026-06-16T23:42:36+06:00,2026-06-16T23:42:36+06:00,1,1,1,1.00,schema
db/migrations/rollback/0009_rollback_staff_roles_developer_auditor.sql,db/migrations/rollback/0009_rollback_staff_roles_developer_auditor.sql,2026-06-16T23:42:36+06:00,2026-06-16T23:42:36+06:00,1,1,1,1.00,schema
db/migrations/rollback/0010_rollback_coupon_claim_tokens.sql,db/migrations/rollback/0010_rollback_coupon_claim_tokens.sql,2026-06-16T23:42:36+06:00,2026-06-16T23:42:36+06:00,1,1,1,1.00,schema
db/migrations/rollback/0011_rollback_master_prompt_v7_gaps.sql,db/migrations/rollback/0011_rollback_master_prompt_v7_gaps.sql,2026-06-16T23:42:36+06:00,2026-06-16T23:42:36+06:00,1,1,1,1.00,schema
db/migrations/rollback/0012_rollback_fts5_search.sql,db/migrations/rollback/0012_rollback_fts5_search.sql,2026-06-16T23:42:36+06:00,2026-06-16T23:42:36+06:00,1,1,1,1.00,schema
db/migrations/rollback/0013_rollback_order_state_machine_constraints.sql,db/migrations/rollback/0013_rollback_order_state_machine_constraints.sql,2026-06-16T23:42:36+06:00,2026-06-16T23:42:36+06:00,1,1,1,1.00,schema
db/migrations/rollback/0014_rollback_inventory_baseline.sql,db/migrations/rollback/0014_rollback_inventory_baseline.sql,2026-06-16T23:42:36+06:00,2026-06-16T23:42:36+06:00,1,1,1,1.00,schema
db/migrations/rollback/0015_rollback_tamper_lockout.sql,db/migrations/rollback/0015_rollback_tamper_lockout.sql,2026-06-17T00:43:13+06:00,2026-06-17T00:43:13+06:00,1,1,1,1.00,schema
db/migrations/rollback/0016_rollback_invoices.sql,db/migrations/rollback/0016_rollback_invoices.sql,2026-06-17T00:59:39+06:00,2026-06-17T00:59:39+06:00,1,1,1,1.00,schema
db/migrations/rollback/0017_rollback_variants_stock_generated.sql,db/migrations/rollback/0017_rollback_variants_stock_generated.sql,2026-06-18T00:29:58+06:00,2026-06-18T00:29:58+06:00,1,1,1,1.00,schema
db/migrations/rollback/0018_rollback_schema_constraints.sql,db/migrations/rollback/0018_rollback_schema_constraints.sql,2026-06-18T01:18:31+06:00,2026-06-18T01:18:31+06:00,1,1,1,1.00,schema
db/migrations/rollback/0019_rollback_cart_activity.sql,db/migrations/rollback/0019_rollback_cart_activity.sql,2026-06-19T06:58:32+06:00,2026-06-19T06:58:32+06:00,1,1,1,1.00,schema
db/migrations/rollback/0020_rollback_staff_totp.sql,db/migrations/rollback/0020_rollback_staff_totp.sql,2026-06-18T17:00:14+06:00,2026-06-18T17:00:14+06:00,1,1,1,1.00,schema
db/migrations/rollback/0021_rollback_create_otp_secrets.sql,db/migrations/rollback/0021_rollback_create_otp_secrets.sql,2026-06-18T23:43:47+06:00,2026-06-18T23:43:47+06:00,1,1,1,1.00,schema
db/migrations/rollback/0022_rollback_create_api_audit_logs.sql,db/migrations/rollback/0022_rollback_create_api_audit_logs.sql,2026-06-18T23:43:47+06:00,2026-06-18T23:43:47+06:00,1,1,1,1.00,schema
db/migrations/rollback/0023_rollback_create_ai_budget_limits.sql,db/migrations/rollback/0023_rollback_create_ai_budget_limits.sql,2026-06-18T23:43:47+06:00,2026-06-18T23:43:47+06:00,1,1,1,1.00,schema
db/migrations/rollback/0024_rollback_stock_reservations_unique_constraint.sql,db/migrations/rollback/0024_rollback_stock_reservations_unique_constraint.sql,2026-06-18T23:43:47+06:00,2026-06-18T23:43:47+06:00,1,1,1,1.00,schema
db/migrations/rollback/0025_rollback_cart_activity_v7_cleanup.sql,db/migrations/rollback/0025_rollback_cart_activity_v7_cleanup.sql,2026-06-18T23:43:47+06:00,2026-06-18T23:43:47+06:00,1,1,1,1.00,schema
db/migrations/rollback/0026_rollback_add_checkout_vat_paisa.sql,db/migrations/rollback/0026_rollback_add_checkout_vat_paisa.sql,2026-06-18T23:43:47+06:00,2026-06-18T23:43:47+06:00,1,1,1,1.00,schema
db/migrations/rollback/0027_rollback_stock_reservations_status_rebuild.sql,db/migrations/rollback/0027_rollback_stock_reservations_status_rebuild.sql,2026-06-19T05:01:56+06:00,2026-06-19T05:01:56+06:00,1,1,1,1.00,schema
db/migrations/rollback/0028_rollback_fix_stock_reservations_active_index_shape.sql,db/migrations/rollback/0028_rollback_fix_stock_reservations_active_index_shape.sql,2026-06-19T06:42:55+06:00,2026-06-19T06:42:55+06:00,1,1,1,1.00,schema
db/migrations/rollback/0029_rollback_customer_phone_otp.sql,db/migrations/rollback/0029_rollback_customer_phone_otp.sql,2026-06-19T14:49:29+06:00,2026-06-19T14:49:29+06:00,1,1,1,1.00,schema
db/migrations/rollback/0030_rollback_staff_sessions_step_up.sql,db/migrations/rollback/0030_rollback_staff_sessions_step_up.sql,2026-06-19T14:39:02+06:00,2026-06-19T14:39:02+06:00,1,1,1,1.00,schema
db/migrations/rollback/0031_rollback_order_courier_handoff.sql,db/migrations/rollback/0031_rollback_order_courier_handoff.sql,2026-06-19T15:01:08+06:00,2026-06-19T15:01:08+06:00,1,1,1,1.00,schema
db/migrations/rollback/0032_rollback_payments_order_unique_active.sql,db/migrations/rollback/0032_rollback_payments_order_unique_active.sql,2026-06-19T20:35:33+06:00,2026-06-19T20:35:33+06:00,1,1,1,1.00,schema
db/migrations/rollback/0033_rollback_direct_checkout_activity.sql,db/migrations/rollback/0033_rollback_direct_checkout_activity.sql,2026-06-19T20:39:54+06:00,2026-06-19T20:39:54+06:00,1,1,1,1.00,schema
db/migrations/rollback/README.md,db/migrations/rollback/README.md,2026-06-16T19:16:26+06:00,2026-06-16T19:16:26+06:00,1,1,1,1.00,schema
db/seed.sql,db/seed.sql,2026-06-06T15:18:39+06:00,2026-06-07T19:16:39+06:00,3,3,1,0.00,
docs/alerting.md,docs/alerting.md,2026-06-16T18:38:40+06:00,2026-06-16T18:38:40+06:00,1,1,1,0.00,
docs/audit/drift-2026-06-19-weekly.md,docs/audit/drift-2026-06-19-weekly.md,2026-06-19T14:39:02+06:00,2026-06-19T14:49:29+06:00,2,2,1,0.00,
docs/audit/drift-latest-weekly.md,docs/audit/drift-latest-weekly.md,2026-06-19T06:58:32+06:00,2026-06-19T06:58:32+06:00,1,1,1,0.00,
docs/audit/independent-v7-audit-2026-06-19.md,docs/audit/independent-v7-audit-2026-06-19.md,2026-06-19T20:35:33+06:00,2026-06-19T20:35:33+06:00,1,1,1,0.00,
docs/audit/release-2026-06-19.md,docs/audit/release-2026-06-19.md,2026-06-19T15:40:49+06:00,2026-06-19T15:40:49+06:00,1,1,1,0.00,
docs/csp.md,docs/csp.md,2026-06-16T18:38:40+06:00,2026-06-17T00:07:38+06:00,2,2,1,0.00,
docs/disaster-recovery.md,docs/disaster-recovery.md,2026-06-16T18:38:40+06:00,2026-06-16T18:38:40+06:00,1,1,1,0.00,
docs/guardrail-owners.md,docs/guardrail-owners.md,2026-06-19T07:57:00+06:00,2026-06-19T07:57:00+06:00,1,1,1,0.00,
docs/logpush.md,docs/logpush.md,2026-06-16T18:38:40+06:00,2026-06-16T18:38:40+06:00,1,1,1,0.00,
docs/zero-trust.md,docs/zero-trust.md,2026-06-16T18:38:40+06:00,2026-06-16T18:38:40+06:00,1,1,1,0.00,
package-lock.json,package-lock.json,2026-06-06T12:16:29+06:00,2026-06-19T15:01:08+06:00,9,9,2,0.00,
package.json,package.json,2026-06-06T12:16:29+06:00,2026-06-19T22:00:56+06:00,28,28,2,0.00,
public/_redirects,public/_redirects,2026-06-07T18:30:03+06:00,2026-06-07T18:30:03+06:00,1,1,1,0.00,
public/assets/product-indian.svg,public/assets/product-indian.svg,2026-06-06T12:16:29+06:00,2026-06-06T12:16:29+06:00,1,1,1,0.00,
public/assets/product-jewelry.svg,public/assets/product-jewelry.svg,2026-06-06T12:16:29+06:00,2026-06-06T12:16:29+06:00,1,1,1,0.00,
public/assets/product-pakistani.svg,public/assets/product-pakistani.svg,2026-06-06T12:16:29+06:00,2026-06-06T12:16:29+06:00,1,1,1,0.00,
public/assets/product-zb-stitch.svg,public/assets/product-zb-stitch.svg,2026-06-06T12:16:29+06:00,2026-06-06T12:16:29+06:00,1,1,1,0.00,
public/assets/zabir-logo.jpg,public/assets/zabir-logo.jpg,2026-06-06T12:16:29+06:00,2026-06-06T12:16:29+06:00,1,1,1,0.00,
public/assets/zb-hero.svg,public/assets/zb-hero.svg,2026-06-06T12:16:29+06:00,2026-06-06T12:16:29+06:00,1,1,1,0.00,
public/favicon.ico,public/favicon.ico,2026-06-07T18:30:03+06:00,2026-06-07T18:30:03+06:00,1,1,1,0.00,
public/favicon.svg,public/favicon.svg,2026-06-07T18:30:03+06:00,2026-06-07T18:30:03+06:00,1,1,1,0.00,
public/icons/icon-192.png,public/icons/icon-192.png,2026-06-06T12:16:29+06:00,2026-06-06T12:16:29+06:00,1,1,1,0.00,
public/icons/icon-512.png,public/icons/icon-512.png,2026-06-06T12:16:29+06:00,2026-06-06T12:16:29+06:00,1,1,1,0.00,
public/manifest.json,public/manifest.json,2026-06-06T12:16:29+06:00,2026-06-19T15:09:19+06:00,2,2,2,0.00,
public/offline.html,public/offline.html,2026-06-19T15:09:19+06:00,2026-06-19T15:09:19+06:00,1,1,1,0.00,
public/robots.txt,public/robots.txt,2026-06-18T16:19:58+06:00,2026-06-18T16:19:58+06:00,1,1,1,0.00,
scripts/apply-migrations.ts,scripts/apply-migrations.ts,2026-06-18T23:54:08+06:00,2026-06-19T07:31:22+06:00,2,2,1,0.00,
scripts/astro-build.mjs,scripts/astro-build.mjs,2026-06-19T15:13:28+06:00,2026-06-19T15:13:28+06:00,1,1,1,0.00,
scripts/audit/audit-drift.ts,scripts/audit/audit-drift.ts,2026-06-19T06:58:32+06:00,2026-06-19T22:08:24+06:00,3,3,1,0.00,
scripts/build-static-snapshots.ts,scripts/build-static-snapshots.ts,2026-06-06T12:16:29+06:00,2026-06-07T21:14:22+06:00,5,5,1,0.00,
scripts/bundlewatch.config.json,scripts/bundlewatch.config.json,2026-06-16T19:16:26+06:00,2026-06-16T19:16:26+06:00,1,1,1,0.00,
scripts/bundlewatch.mjs,scripts/bundlewatch.mjs,2026-06-16T19:16:26+06:00,2026-06-16T19:16:26+06:00,1,1,1,0.00,
scripts/csp-hashes-plugin.mjs,scripts/csp-hashes-plugin.mjs,2026-06-16T19:16:26+06:00,2026-06-16T23:02:23+06:00,2,2,1,0.00,
scripts/cwv-budget.config.json,scripts/cwv-budget.config.json,2026-06-16T19:16:26+06:00,2026-06-18T01:18:31+06:00,2,2,2,0.00,
scripts/cwv-budget.mjs,scripts/cwv-budget.mjs,2026-06-16T19:16:26+06:00,2026-06-16T19:16:26+06:00,1,1,1,0.00,
scripts/generate-sw.mjs,scripts/generate-sw.mjs,2026-06-19T15:09:19+06:00,2026-06-19T15:09:19+06:00,1,1,1,0.00,
scripts/migrate.ts,scripts/migrate.ts,2026-06-16T19:16:26+06:00,2026-06-16T23:42:36+06:00,2,2,1,0.00,
scripts/seed.ts,scripts/seed.ts,2026-06-06T12:16:29+06:00,2026-06-07T19:16:39+06:00,3,3,1,0.00,
skills-lock.json,skills-lock.json,2026-06-08T17:06:36+06:00,2026-06-08T17:06:36+06:00,1,1,1,0.00,
src/components/checkout/.gitkeep,src/components/checkout/.gitkeep,2026-06-06T12:16:29+06:00,2026-06-06T12:16:29+06:00,1,1,1,0.00,
src/components/checkout/CheckoutSkeleton.astro,src/components/checkout/CheckoutSkeleton.astro,2026-06-06T12:16:29+06:00,2026-06-16T17:12:22+06:00,2,2,1,0.00,
src/components/product/.gitkeep,src/components/product/.gitkeep,2026-06-06T12:16:29+06:00,2026-06-06T12:16:29+06:00,1,1,1,0.00,
src/components/product/ProductCard.astro,src/components/product/ProductCard.astro,2026-06-06T12:16:29+06:00,2026-06-18T01:18:31+06:00,5,5,2,0.00,
src/components/product/ProductImage.astro,src/components/product/ProductImage.astro,2026-06-18T01:18:31+06:00,2026-06-18T01:18:31+06:00,1,1,1,0.00,
src/components/shared/.gitkeep,src/components/shared/.gitkeep,2026-06-06T12:16:29+06:00,2026-06-06T12:16:29+06:00,1,1,1,0.00,
src/components/shell/CategoryRail.astro,src/components/shell/CategoryRail.astro,2026-06-06T12:16:29+06:00,2026-06-16T17:12:22+06:00,3,3,1,0.00,
src/components/shell/Footer.astro,src/components/shell/Footer.astro,2026-06-06T12:16:29+06:00,2026-06-16T17:12:22+06:00,3,3,1,0.00,
src/components/shell/Header.astro,src/components/shell/Header.astro,2026-06-06T12:16:29+06:00,2026-06-16T17:12:22+06:00,6,6,1,0.00,
src/components/shell/ProductGridSkeleton.astro,src/components/shell/ProductGridSkeleton.astro,2026-06-06T12:16:29+06:00,2026-06-06T12:16:29+06:00,1,1,1,0.00,
src/components/staff/.gitkeep,src/components/staff/.gitkeep,2026-06-06T12:16:29+06:00,2026-06-06T12:16:29+06:00,1,1,1,0.00,
src/components/staff/ComingSoon.astro,src/components/staff/ComingSoon.astro,2026-06-08T17:06:36+06:00,2026-06-08T17:06:36+06:00,1,1,1,0.00,
src/components/staff/PageHeader.astro,src/components/staff/PageHeader.astro,2026-06-08T17:06:36+06:00,2026-06-16T17:12:22+06:00,2,2,1,0.00,
src/components/staff/StepUpRequired.astro,src/components/staff/StepUpRequired.astro,2026-06-08T20:57:22+06:00,2026-06-18T01:18:31+06:00,3,3,2,0.00,
src/data/blog-posts.ts,src/data/blog-posts.ts,2026-06-19T14:52:28+06:00,2026-06-19T14:52:28+06:00,1,1,1,0.00,
src/data/catalog.ts,src/data/catalog.ts,2026-06-06T12:16:29+06:00,2026-06-06T12:16:29+06:00,1,1,1,0.00,
src/data/category-taxonomy.ts,src/data/category-taxonomy.ts,2026-06-06T12:16:29+06:00,2026-06-06T12:16:29+06:00,1,1,1,0.00,
src/data/collections.ts,src/data/collections.ts,2026-06-19T14:52:28+06:00,2026-06-19T14:52:28+06:00,1,1,1,0.00,
src/data/demo-products.ts,src/data/demo-products.ts,2026-06-06T12:16:29+06:00,2026-06-06T12:16:29+06:00,1,1,1,0.00,
src/do/budget-counter-do.ts,src/do/budget-counter-do.ts,2026-06-16T19:16:26+06:00,2026-06-19T20:35:33+06:00,5,5,2,1.00,durable_objects
src/do/cart-do.ts,src/do/cart-do.ts,2026-06-18T16:19:58+06:00,2026-06-19T06:42:55+06:00,4,4,2,1.00,durable_objects
src/do/direct-checkout-session-do.ts,src/do/direct-checkout-session-do.ts,2026-06-18T16:19:58+06:00,2026-06-19T18:55:40+06:00,4,4,2,1.00,durable_objects
src/do/idempotency-do.ts,src/do/idempotency-do.ts,2026-06-16T18:38:40+06:00,2026-06-19T06:42:55+06:00,3,3,2,1.00,durable_objects
src/do/provider-health-do.ts,src/do/provider-health-do.ts,2026-06-18T16:19:58+06:00,2026-06-19T07:31:22+06:00,4,4,2,1.00,durable_objects
src/do/variant-inventory-do.ts,src/do/variant-inventory-do.ts,2026-06-16T18:38:40+06:00,2026-06-19T20:59:40+06:00,9,9,2,1.00,durable_objects
src/do/waf-rules.ts,src/do/waf-rules.ts,2026-06-16T19:16:26+06:00,2026-06-16T19:16:26+06:00,1,1,1,1.00,durable_objects
src/entry-cloudflare.ts,src/entry-cloudflare.ts,2026-06-06T15:18:39+06:00,2026-06-19T05:01:56+06:00,9,9,2,0.00,
src/env.d.ts,src/env.d.ts,2026-06-06T12:16:29+06:00,2026-06-19T15:01:08+06:00,17,17,2,0.00,
src/generated/csp-hashes.ts,src/generated/csp-hashes.ts,2026-06-16T19:16:26+06:00,2026-06-19T19:39:27+06:00,10,10,2,0.00,
src/hooks/useLocalCart.ts,src/hooks/useLocalCart.ts,2026-06-06T12:16:29+06:00,2026-06-19T20:35:33+06:00,2,2,2,0.00,
src/islands/AddToCartButton.tsx,src/islands/AddToCartButton.tsx,2026-06-06T12:16:29+06:00,2026-06-16T17:12:22+06:00,3,3,1,0.00,
src/islands/BottomNav.tsx,src/islands/BottomNav.tsx,2026-06-06T12:16:29+06:00,2026-06-16T17:12:22+06:00,3,3,1,0.00,
src/islands/BuyNowButton.tsx,src/islands/BuyNowButton.tsx,2026-06-18T20:46:07+06:00,2026-06-18T20:46:07+06:00,1,1,1,0.00,
src/islands/BuyNowLandingForm.tsx,src/islands/BuyNowLandingForm.tsx,2026-06-18T17:00:14+06:00,2026-06-19T19:15:51+06:00,5,5,2,0.00,
src/islands/CartContent.tsx,src/islands/CartContent.tsx,2026-06-19T20:35:33+06:00,2026-06-19T20:35:33+06:00,1,1,1,0.00,
src/islands/GuestCheckout.tsx,src/islands/GuestCheckout.tsx,2026-06-06T12:16:29+06:00,2026-06-19T19:15:51+06:00,7,7,2,0.00,
src/islands/PwaInstallHint.tsx,src/islands/PwaInstallHint.tsx,2026-06-19T15:09:19+06:00,2026-06-19T15:09:19+06:00,1,1,1,0.00,
src/islands/ThemeToggle.tsx,src/islands/ThemeToggle.tsx,2026-06-06T19:31:13+06:00,2026-06-06T20:23:02+06:00,3,3,1,0.00,
src/layouts/RootLayout.astro,src/layouts/RootLayout.astro,2026-06-06T12:16:29+06:00,2026-06-19T15:09:19+06:00,6,6,2,0.00,
src/layouts/StaffLayout.astro,src/layouts/StaffLayout.astro,2026-06-07T19:16:39+06:00,2026-06-19T14:39:02+06:00,8,8,2,0.00,
src/lib/ai-client.ts,src/lib/ai-client.ts,2026-06-16T19:16:26+06:00,2026-06-19T14:39:02+06:00,4,4,2,0.00,
src/lib/ai-content.ts,src/lib/ai-content.ts,2026-06-07T21:14:22+06:00,2026-06-19T14:39:02+06:00,3,3,2,0.00,
src/lib/analytics.ts,src/lib/analytics.ts,2026-06-16T18:38:40+06:00,2026-06-16T23:02:23+06:00,2,2,1,0.00,
src/lib/api-audit.ts,src/lib/api-audit.ts,2026-06-19T05:11:19+06:00,2026-06-19T05:11:19+06:00,1,1,1,0.00,
src/lib/api-keys.ts,src/lib/api-keys.ts,2026-06-07T21:14:22+06:00,2026-06-08T11:55:42+06:00,2,2,1,1.50,authz
src/lib/audit.ts,src/lib/audit.ts,2026-06-06T13:28:12+06:00,2026-06-16T23:02:23+06:00,4,4,1,1.00,audit
src/lib/autocomplete-index.ts,src/lib/autocomplete-index.ts,2026-06-16T19:16:26+06:00,2026-06-16T19:16:26+06:00,1,1,1,0.00,
src/lib/cache-api.ts,src/lib/cache-api.ts,2026-06-16T18:38:40+06:00,2026-06-19T06:42:55+06:00,4,4,2,0.00,
src/lib/cache.ts,src/lib/cache.ts,2026-06-06T12:16:29+06:00,2026-06-06T12:16:29+06:00,1,1,1,0.00,
src/lib/cart-store.ts,src/lib/cart-store.ts,2026-06-06T12:16:29+06:00,2026-06-19T20:59:40+06:00,4,4,2,0.00,
src/lib/checkout-pricing.ts,src/lib/checkout-pricing.ts,2026-06-06T15:34:50+06:00,2026-06-19T14:39:02+06:00,9,9,2,1.50,money
src/lib/content-moderation.ts,src/lib/content-moderation.ts,2026-06-16T19:16:26+06:00,2026-06-16T23:02:23+06:00,2,2,1,0.00,
src/lib/contracts/ai-provider.ts,src/lib/contracts/ai-provider.ts,2026-06-19T05:01:56+06:00,2026-06-19T05:01:56+06:00,1,1,1,0.00,
src/lib/contracts/budget-counter-do.ts,src/lib/contracts/budget-counter-do.ts,2026-06-19T05:01:56+06:00,2026-06-19T05:01:56+06:00,1,1,1,0.00,
src/lib/contracts/cart-do.ts,src/lib/contracts/cart-do.ts,2026-06-19T05:01:56+06:00,2026-06-19T05:01:56+06:00,1,1,1,0.00,
src/lib/contracts/direct-checkout-session-do.ts,src/lib/contracts/direct-checkout-session-do.ts,2026-06-19T05:01:56+06:00,2026-06-19T05:01:56+06:00,1,1,1,0.00,
src/lib/contracts/email-provider.ts,src/lib/contracts/email-provider.ts,2026-06-18T23:54:08+06:00,2026-06-18T23:54:08+06:00,1,1,1,0.00,
src/lib/contracts/idempotency-do.ts,src/lib/contracts/idempotency-do.ts,2026-06-19T05:01:56+06:00,2026-06-19T05:01:56+06:00,1,1,1,0.00,
src/lib/contracts/index.ts,src/lib/contracts/index.ts,2026-06-18T23:54:08+06:00,2026-06-19T05:01:56+06:00,2,2,1,0.00,
src/lib/contracts/payment-provider.ts,src/lib/contracts/payment-provider.ts,2026-06-19T05:01:56+06:00,2026-06-19T05:01:56+06:00,1,1,1,0.00,
src/lib/contracts/provider-health-do.ts,src/lib/contracts/provider-health-do.ts,2026-06-19T05:01:56+06:00,2026-06-19T05:01:56+06:00,1,1,1,0.00,
src/lib/contracts/variant-inventory-do.ts,src/lib/contracts/variant-inventory-do.ts,2026-06-19T05:01:56+06:00,2026-06-19T20:59:40+06:00,2,2,1,0.00,
src/lib/coupon-rate-limit.ts,src/lib/coupon-rate-limit.ts,2026-06-16T18:38:40+06:00,2026-06-16T18:38:40+06:00,1,1,1,0.00,
src/lib/critical-auth.ts,src/lib/critical-auth.ts,2026-06-08T11:55:42+06:00,2026-06-19T14:39:02+06:00,2,2,2,0.00,
src/lib/cron-dispatch.ts,src/lib/cron-dispatch.ts,2026-06-06T12:16:29+06:00,2026-06-19T05:01:56+06:00,10,10,2,0.00,
src/lib/csp-hashes.ts,src/lib/csp-hashes.ts,2026-06-16T19:16:26+06:00,2026-06-16T19:16:26+06:00,1,1,1,0.00,
src/lib/csrf.ts,src/lib/csrf.ts,2026-06-18T01:18:31+06:00,2026-06-18T01:18:31+06:00,1,1,1,1.50,csrf
src/lib/dates.ts,src/lib/dates.ts,2026-06-06T12:16:29+06:00,2026-06-06T12:16:29+06:00,1,1,1,0.00,
src/lib/do-client.ts,src/lib/do-client.ts,2026-06-16T18:38:40+06:00,2026-06-19T20:59:40+06:00,9,9,2,1.00,do_client
src/lib/email-provider.ts,src/lib/email-provider.ts,2026-06-18T16:19:58+06:00,2026-06-19T15:40:49+06:00,2,2,2,0.00,
src/lib/email.ts,src/lib/email.ts,2026-06-16T18:38:40+06:00,2026-06-19T15:40:49+06:00,4,4,2,0.00,
src/lib/env.ts,src/lib/env.ts,2026-06-06T12:16:29+06:00,2026-06-06T19:14:52+06:00,2,2,1,0.00,
src/lib/fraud.ts,src/lib/fraud.ts,2026-06-06T12:16:29+06:00,2026-06-19T06:42:55+06:00,8,8,2,0.00,
src/lib/idempotency.ts,src/lib/idempotency.ts,2026-06-06T12:16:29+06:00,2026-06-16T17:12:22+06:00,2,2,1,1.00,idempotency
src/lib/image-resizing.ts,src/lib/image-resizing.ts,2026-06-16T18:38:40+06:00,2026-06-18T01:18:31+06:00,2,2,2,0.00,
src/lib/integrations/cloudflare_cache/client.ts,src/lib/integrations/cloudflare_cache/client.ts,2026-06-19T06:42:55+06:00,2026-06-19T06:42:55+06:00,1,1,1,0.00,
src/lib/integrations/cloudflare_cache/errors.ts,src/lib/integrations/cloudflare_cache/errors.ts,2026-06-19T06:42:55+06:00,2026-06-19T06:42:55+06:00,1,1,1,0.00,
src/lib/integrations/cloudflare_cache/index.ts,src/lib/integrations/cloudflare_cache/index.ts,2026-06-19T06:42:55+06:00,2026-06-19T06:42:55+06:00,1,1,1,0.00,
src/lib/integrations/cloudflare_cache/mock.ts,src/lib/integrations/cloudflare_cache/mock.ts,2026-06-19T06:42:55+06:00,2026-06-19T06:42:55+06:00,1,1,1,0.00,
src/lib/integrations/cloudflare_cache/types.ts,src/lib/integrations/cloudflare_cache/types.ts,2026-06-19T06:42:55+06:00,2026-06-19T06:42:55+06:00,1,1,1,0.00,
src/lib/integrations/cloudflare_turnstile/client.ts,src/lib/integrations/cloudflare_turnstile/client.ts,2026-06-19T06:42:55+06:00,2026-06-19T06:42:55+06:00,1,1,1,0.00,
src/lib/integrations/cloudflare_turnstile/errors.ts,src/lib/integrations/cloudflare_turnstile/errors.ts,2026-06-19T06:42:55+06:00,2026-06-19T06:42:55+06:00,1,1,1,0.00,
src/lib/integrations/cloudflare_turnstile/index.ts,src/lib/integrations/cloudflare_turnstile/index.ts,2026-06-19T06:42:55+06:00,2026-06-19T06:42:55+06:00,1,1,1,0.00,
src/lib/integrations/cloudflare_turnstile/mock.ts,src/lib/integrations/cloudflare_turnstile/mock.ts,2026-06-19T06:42:55+06:00,2026-06-19T06:42:55+06:00,1,1,1,0.00,
src/lib/integrations/cloudflare_turnstile/types.ts,src/lib/integrations/cloudflare_turnstile/types.ts,2026-06-19T06:42:55+06:00,2026-06-19T06:42:55+06:00,1,1,1,0.00,
src/lib/integrations/courier/errors.ts,src/lib/integrations/courier/errors.ts,2026-06-19T07:57:00+06:00,2026-06-19T07:57:00+06:00,1,1,1,0.00,
src/lib/integrations/courier/index.ts,src/lib/integrations/courier/index.ts,2026-06-19T07:57:00+06:00,2026-06-19T15:01:08+06:00,2,2,1,0.00,
src/lib/integrations/courier/pathao.ts,src/lib/integrations/courier/pathao.ts,2026-06-19T07:57:00+06:00,2026-06-19T07:57:00+06:00,1,1,1,0.00,
src/lib/integrations/courier/pathao/client.ts,src/lib/integrations/courier/pathao/client.ts,2026-06-19T07:57:00+06:00,2026-06-19T07:57:00+06:00,1,1,1,0.00,
src/lib/integrations/courier/pathao/errors.ts,src/lib/integrations/courier/pathao/errors.ts,2026-06-19T15:01:08+06:00,2026-06-19T15:01:08+06:00,1,1,1,0.00,
src/lib/integrations/courier/pathao/index.ts,src/lib/integrations/courier/pathao/index.ts,2026-06-19T07:57:00+06:00,2026-06-19T15:01:08+06:00,2,2,1,0.00,
src/lib/integrations/courier/pathao/mock.ts,src/lib/integrations/courier/pathao/mock.ts,2026-06-19T07:57:00+06:00,2026-06-19T07:57:00+06:00,1,1,1,0.00,
src/lib/integrations/courier/pathao/types.ts,src/lib/integrations/courier/pathao/types.ts,2026-06-19T15:01:08+06:00,2026-06-19T15:01:08+06:00,1,1,1,0.00,
src/lib/integrations/courier/redx.ts,src/lib/integrations/courier/redx.ts,2026-06-19T07:57:00+06:00,2026-06-19T07:57:00+06:00,1,1,1,0.00,
src/lib/integrations/courier/redx/client.ts,src/lib/integrations/courier/redx/client.ts,2026-06-19T07:57:00+06:00,2026-06-19T07:57:00+06:00,1,1,1,0.00,
src/lib/integrations/courier/redx/errors.ts,src/lib/integrations/courier/redx/errors.ts,2026-06-19T15:01:08+06:00,2026-06-19T15:01:08+06:00,1,1,1,0.00,
src/lib/integrations/courier/redx/index.ts,src/lib/integrations/courier/redx/index.ts,2026-06-19T07:57:00+06:00,2026-06-19T15:01:08+06:00,2,2,1,0.00,
src/lib/integrations/courier/redx/mock.ts,src/lib/integrations/courier/redx/mock.ts,2026-06-19T07:57:00+06:00,2026-06-19T07:57:00+06:00,1,1,1,0.00,
src/lib/integrations/courier/redx/types.ts,src/lib/integrations/courier/redx/types.ts,2026-06-19T15:01:08+06:00,2026-06-19T15:01:08+06:00,1,1,1,0.00,
src/lib/integrations/courier/shared.ts,src/lib/integrations/courier/shared.ts,2026-06-19T07:57:00+06:00,2026-06-19T07:57:00+06:00,1,1,1,0.00,
src/lib/integrations/courier/steadfast.ts,src/lib/integrations/courier/steadfast.ts,2026-06-19T07:57:00+06:00,2026-06-19T07:57:00+06:00,1,1,1,0.00,
src/lib/integrations/courier/steadfast/client.ts,src/lib/integrations/courier/steadfast/client.ts,2026-06-19T07:57:00+06:00,2026-06-19T07:57:00+06:00,1,1,1,0.00,
src/lib/integrations/courier/steadfast/errors.ts,src/lib/integrations/courier/steadfast/errors.ts,2026-06-19T15:01:08+06:00,2026-06-19T15:01:08+06:00,1,1,1,0.00,
src/lib/integrations/courier/steadfast/index.ts,src/lib/integrations/courier/steadfast/index.ts,2026-06-19T07:57:00+06:00,2026-06-19T15:01:08+06:00,2,2,1,0.00,
src/lib/integrations/courier/steadfast/mock.ts,src/lib/integrations/courier/steadfast/mock.ts,2026-06-19T07:57:00+06:00,2026-06-19T07:57:00+06:00,1,1,1,0.00,
src/lib/integrations/courier/steadfast/types.ts,src/lib/integrations/courier/steadfast/types.ts,2026-06-19T15:01:08+06:00,2026-06-19T15:01:08+06:00,1,1,1,0.00,
src/lib/integrations/courier/types.ts,src/lib/integrations/courier/types.ts,2026-06-19T07:57:00+06:00,2026-06-19T07:57:00+06:00,1,1,1,0.00,
src/lib/integrations/deepseek/client.ts,src/lib/integrations/deepseek/client.ts,2026-06-19T05:01:56+06:00,2026-06-19T08:54:47+06:00,2,2,1,0.00,
src/lib/integrations/deepseek/errors.ts,src/lib/integrations/deepseek/errors.ts,2026-06-19T05:01:56+06:00,2026-06-19T05:01:56+06:00,1,1,1,0.00,
src/lib/integrations/deepseek/index.ts,src/lib/integrations/deepseek/index.ts,2026-06-19T05:01:56+06:00,2026-06-19T05:01:56+06:00,1,1,1,0.00,
src/lib/integrations/deepseek/mock.ts,src/lib/integrations/deepseek/mock.ts,2026-06-19T05:01:56+06:00,2026-06-19T05:01:56+06:00,1,1,1,0.00,
src/lib/integrations/deepseek/types.ts,src/lib/integrations/deepseek/types.ts,2026-06-19T05:01:56+06:00,2026-06-19T08:54:47+06:00,2,2,1,0.00,
src/lib/integrations/email/cloudflare_email/client.ts,src/lib/integrations/email/cloudflare_email/client.ts,2026-06-18T23:54:08+06:00,2026-06-18T23:54:08+06:00,1,1,1,0.00,
src/lib/integrations/email/cloudflare_email/errors.ts,src/lib/integrations/email/cloudflare_email/errors.ts,2026-06-18T23:54:08+06:00,2026-06-18T23:54:08+06:00,1,1,1,0.00,
src/lib/integrations/email/cloudflare_email/index.ts,src/lib/integrations/email/cloudflare_email/index.ts,2026-06-18T23:54:08+06:00,2026-06-18T23:54:08+06:00,1,1,1,0.00,
src/lib/integrations/email/cloudflare_email/mock.ts,src/lib/integrations/email/cloudflare_email/mock.ts,2026-06-18T23:54:08+06:00,2026-06-18T23:54:08+06:00,1,1,1,0.00,
src/lib/integrations/email/cloudflare_email/types.ts,src/lib/integrations/email/cloudflare_email/types.ts,2026-06-18T23:54:08+06:00,2026-06-18T23:54:08+06:00,1,1,1,0.00,
src/lib/integrations/email/index.ts,src/lib/integrations/email/index.ts,2026-06-18T23:54:08+06:00,2026-06-18T23:54:08+06:00,1,1,1,0.00,
src/lib/integrations/email/resend/client.ts,src/lib/integrations/email/resend/client.ts,2026-06-18T23:54:08+06:00,2026-06-19T08:54:47+06:00,2,2,1,0.00,
src/lib/integrations/email/resend/errors.ts,src/lib/integrations/email/resend/errors.ts,2026-06-18T23:54:08+06:00,2026-06-18T23:54:08+06:00,1,1,1,0.00,
src/lib/integrations/email/resend/index.ts,src/lib/integrations/email/resend/index.ts,2026-06-18T23:54:08+06:00,2026-06-18T23:54:08+06:00,1,1,1,0.00,
src/lib/integrations/email/resend/mock.ts,src/lib/integrations/email/resend/mock.ts,2026-06-18T23:54:08+06:00,2026-06-18T23:54:08+06:00,1,1,1,0.00,
src/lib/integrations/email/resend/types.ts,src/lib/integrations/email/resend/types.ts,2026-06-18T23:54:08+06:00,2026-06-19T08:54:47+06:00,2,2,1,0.00,
src/lib/integrations/email/types.ts,src/lib/integrations/email/types.ts,2026-06-18T23:54:08+06:00,2026-06-18T23:54:08+06:00,1,1,1,0.00,
src/lib/integrations/fraudbd/client.ts,src/lib/integrations/fraudbd/client.ts,2026-06-19T05:11:19+06:00,2026-06-19T06:58:32+06:00,2,2,1,1.00,fraud
src/lib/integrations/fraudbd/errors.ts,src/lib/integrations/fraudbd/errors.ts,2026-06-19T05:11:19+06:00,2026-06-19T05:11:19+06:00,1,1,1,1.00,fraud
src/lib/integrations/fraudbd/index.ts,src/lib/integrations/fraudbd/index.ts,2026-06-19T05:11:19+06:00,2026-06-19T05:11:19+06:00,1,1,1,1.00,fraud
src/lib/integrations/fraudbd/mock.ts,src/lib/integrations/fraudbd/mock.ts,2026-06-19T05:11:19+06:00,2026-06-19T05:11:19+06:00,1,1,1,1.00,fraud
src/lib/integrations/fraudbd/types.ts,src/lib/integrations/fraudbd/types.ts,2026-06-19T05:11:19+06:00,2026-06-19T05:11:19+06:00,1,1,1,1.00,fraud
src/lib/integrations/imagify/client.ts,src/lib/integrations/imagify/client.ts,2026-06-19T14:52:28+06:00,2026-06-19T14:52:28+06:00,1,1,1,0.00,
src/lib/integrations/imagify/errors.ts,src/lib/integrations/imagify/errors.ts,2026-06-19T14:52:28+06:00,2026-06-19T14:52:28+06:00,1,1,1,0.00,
src/lib/integrations/imagify/index.ts,src/lib/integrations/imagify/index.ts,2026-06-19T14:52:28+06:00,2026-06-19T14:52:28+06:00,1,1,1,0.00,
src/lib/integrations/imagify/mock.ts,src/lib/integrations/imagify/mock.ts,2026-06-19T14:52:28+06:00,2026-06-19T14:52:28+06:00,1,1,1,0.00,
src/lib/integrations/imagify/types.ts,src/lib/integrations/imagify/types.ts,2026-06-19T14:52:28+06:00,2026-06-19T14:52:28+06:00,1,1,1,0.00,
src/lib/integrations/payments/index.ts,src/lib/integrations/payments/index.ts,2026-06-19T14:52:28+06:00,2026-06-19T20:39:54+06:00,2,2,1,1.50,payments
src/lib/integrations/sslcommerz/client.ts,src/lib/integrations/sslcommerz/client.ts,2026-06-19T14:52:28+06:00,2026-06-19T20:39:54+06:00,3,3,1,0.00,
src/lib/integrations/sslcommerz/errors.ts,src/lib/integrations/sslcommerz/errors.ts,2026-06-19T14:52:28+06:00,2026-06-19T14:52:28+06:00,1,1,1,0.00,
src/lib/integrations/sslcommerz/index.ts,src/lib/integrations/sslcommerz/index.ts,2026-06-19T14:52:28+06:00,2026-06-19T14:52:28+06:00,1,1,1,0.00,
src/lib/integrations/sslcommerz/mock.ts,src/lib/integrations/sslcommerz/mock.ts,2026-06-19T14:52:28+06:00,2026-06-19T14:52:28+06:00,1,1,1,0.00,
src/lib/integrations/sslcommerz/types.ts,src/lib/integrations/sslcommerz/types.ts,2026-06-19T14:52:28+06:00,2026-06-19T14:52:28+06:00,1,1,1,0.00,
src/lib/integrations/tinify/client.ts,src/lib/integrations/tinify/client.ts,2026-06-19T05:11:19+06:00,2026-06-19T14:39:02+06:00,2,2,1,0.00,
src/lib/integrations/tinify/errors.ts,src/lib/integrations/tinify/errors.ts,2026-06-19T05:11:19+06:00,2026-06-19T05:11:19+06:00,1,1,1,0.00,
src/lib/integrations/tinify/index.ts,src/lib/integrations/tinify/index.ts,2026-06-19T05:11:19+06:00,2026-06-19T05:11:19+06:00,1,1,1,0.00,
src/lib/integrations/tinify/mock.ts,src/lib/integrations/tinify/mock.ts,2026-06-19T05:11:19+06:00,2026-06-19T05:11:19+06:00,1,1,1,0.00,
src/lib/integrations/tinify/types.ts,src/lib/integrations/tinify/types.ts,2026-06-19T05:11:19+06:00,2026-06-19T05:11:19+06:00,1,1,1,0.00,
src/lib/integrations/uddoktapay/client.ts,src/lib/integrations/uddoktapay/client.ts,2026-06-19T05:11:19+06:00,2026-06-19T20:59:40+06:00,5,5,1,0.00,
src/lib/integrations/uddoktapay/errors.ts,src/lib/integrations/uddoktapay/errors.ts,2026-06-19T05:11:19+06:00,2026-06-19T05:11:19+06:00,1,1,1,0.00,
src/lib/integrations/uddoktapay/index.ts,src/lib/integrations/uddoktapay/index.ts,2026-06-19T05:11:19+06:00,2026-06-19T05:11:19+06:00,1,1,1,0.00,
src/lib/integrations/uddoktapay/mock.ts,src/lib/integrations/uddoktapay/mock.ts,2026-06-19T05:11:19+06:00,2026-06-19T05:11:19+06:00,1,1,1,0.00,
src/lib/integrations/uddoktapay/types.ts,src/lib/integrations/uddoktapay/types.ts,2026-06-19T05:11:19+06:00,2026-06-19T20:39:54+06:00,2,2,1,0.00,
src/lib/integrations/workers_ai/client.ts,src/lib/integrations/workers_ai/client.ts,2026-06-19T05:01:56+06:00,2026-06-19T14:39:02+06:00,2,2,1,0.00,
src/lib/integrations/workers_ai/errors.ts,src/lib/integrations/workers_ai/errors.ts,2026-06-19T05:01:56+06:00,2026-06-19T05:01:56+06:00,1,1,1,0.00,
src/lib/integrations/workers_ai/index.ts,src/lib/integrations/workers_ai/index.ts,2026-06-19T05:01:56+06:00,2026-06-19T05:01:56+06:00,1,1,1,0.00,
src/lib/integrations/workers_ai/mock.ts,src/lib/integrations/workers_ai/mock.ts,2026-06-19T05:01:56+06:00,2026-06-19T05:01:56+06:00,1,1,1,0.00,
src/lib/integrations/workers_ai/types.ts,src/lib/integrations/workers_ai/types.ts,2026-06-19T05:01:56+06:00,2026-06-19T14:39:02+06:00,2,2,1,0.00,
src/lib/inventory.ts,src/lib/inventory.ts,2026-06-06T12:16:29+06:00,2026-06-19T14:39:02+06:00,8,8,2,1.00,inventory
src/lib/invoices.ts,src/lib/invoices.ts,2026-06-17T00:59:39+06:00,2026-06-19T14:39:02+06:00,9,9,2,0.00,
src/lib/maintenance/abandoned-cart.ts,src/lib/maintenance/abandoned-cart.ts,2026-06-18T23:54:08+06:00,2026-06-18T23:54:08+06:00,1,1,1,0.00,
src/lib/maintenance/archive.ts,src/lib/maintenance/archive.ts,2026-06-06T12:16:29+06:00,2026-06-16T23:42:36+06:00,4,4,1,0.00,
src/lib/maintenance/backup.ts,src/lib/maintenance/backup.ts,2026-06-06T12:16:29+06:00,2026-06-19T18:55:40+06:00,8,8,2,0.00,
src/lib/maintenance/csrf-rotation.ts,src/lib/maintenance/csrf-rotation.ts,2026-06-18T16:19:58+06:00,2026-06-18T16:19:58+06:00,1,1,1,0.00,
src/lib/maintenance/idempotency.ts,src/lib/maintenance/idempotency.ts,2026-06-06T12:16:29+06:00,2026-06-06T12:16:29+06:00,1,1,1,0.00,
src/lib/maintenance/inventory-reconcile.ts,src/lib/maintenance/inventory-reconcile.ts,2026-06-16T18:38:40+06:00,2026-06-19T14:39:02+06:00,6,6,2,0.00,
src/lib/maintenance/partial-prepay.ts,src/lib/maintenance/partial-prepay.ts,2026-06-16T17:12:22+06:00,2026-06-19T14:39:02+06:00,4,4,2,0.00,
src/lib/maintenance/reconciliation.ts,src/lib/maintenance/reconciliation.ts,2026-06-16T18:38:40+06:00,2026-06-19T14:52:28+06:00,6,6,2,0.00,
src/lib/maintenance/sitemap.ts,src/lib/maintenance/sitemap.ts,2026-06-16T18:38:40+06:00,2026-06-16T23:02:23+06:00,2,2,1,0.00,
src/lib/media-access.ts,src/lib/media-access.ts,2026-06-08T11:55:42+06:00,2026-06-08T11:55:42+06:00,1,1,1,0.00,
src/lib/money.ts,src/lib/money.ts,2026-06-06T12:16:29+06:00,2026-06-16T17:12:22+06:00,3,3,1,1.50,money
src/lib/order-state-machine.ts,src/lib/order-state-machine.ts,2026-06-16T18:38:40+06:00,2026-06-18T16:19:58+06:00,2,2,1,0.00,
src/lib/orders.ts,src/lib/orders.ts,2026-06-06T12:16:29+06:00,2026-06-19T06:42:55+06:00,7,7,2,0.00,
src/lib/otp-secrets.ts,src/lib/otp-secrets.ts,2026-06-19T14:52:28+06:00,2026-06-19T14:52:28+06:00,1,1,1,0.00,
src/lib/password.ts,src/lib/password.ts,2026-06-07T21:14:22+06:00,2026-06-18T16:19:58+06:00,2,2,1,0.00,
src/lib/payment-provider.ts,src/lib/payment-provider.ts,2026-06-18T16:19:58+06:00,2026-06-19T15:40:49+06:00,2,2,2,0.00,
src/lib/payment-webhook-ingress.ts,src/lib/payment-webhook-ingress.ts,2026-06-18T01:18:31+06:00,2026-06-18T01:18:31+06:00,1,1,1,1.50,payments
src/lib/payments.ts,src/lib/payments.ts,2026-06-06T12:16:29+06:00,2026-06-19T06:42:55+06:00,8,8,2,1.50,payments
src/lib/phone-verification.ts,src/lib/phone-verification.ts,2026-06-19T08:54:47+06:00,2026-06-19T14:39:02+06:00,2,2,1,1.50,otp
src/lib/phone.ts,src/lib/phone.ts,2026-06-06T12:16:29+06:00,2026-06-18T00:29:58+06:00,2,2,2,0.00,
src/lib/pii-scrubber.ts,src/lib/pii-scrubber.ts,2026-06-16T18:38:40+06:00,2026-06-16T18:38:40+06:00,1,1,1,1.00,pii
src/lib/prepayment.ts,src/lib/prepayment.ts,2026-06-07T13:57:57+06:00,2026-06-07T16:06:25+06:00,2,2,1,0.00,
src/lib/pwa/constants.ts,src/lib/pwa/constants.ts,2026-06-19T15:09:19+06:00,2026-06-19T15:09:19+06:00,1,1,1,0.00,
src/lib/pwa/register.ts,src/lib/pwa/register.ts,2026-06-19T15:09:19+06:00,2026-06-19T15:09:19+06:00,1,1,1,0.00,
src/lib/queue-publisher.ts,src/lib/queue-publisher.ts,2026-06-16T18:38:40+06:00,2026-06-19T20:59:40+06:00,2,2,2,0.00,
src/lib/rbac.ts,src/lib/rbac.ts,2026-06-06T12:16:29+06:00,2026-06-18T00:49:28+06:00,12,12,2,1.50,authz
src/lib/security.ts,src/lib/security.ts,2026-06-06T12:16:29+06:00,2026-06-06T15:34:50+06:00,2,2,1,1.50,auth_crypto
src/lib/session-blacklist.ts,src/lib/session-blacklist.ts,2026-06-16T18:38:40+06:00,2026-06-16T18:38:40+06:00,1,1,1,0.00,
src/lib/sessions.ts,src/lib/sessions.ts,2026-06-06T12:16:29+06:00,2026-06-06T12:16:29+06:00,1,1,1,0.00,
src/lib/staff-cookies.ts,src/lib/staff-cookies.ts,2026-06-17T19:34:08+06:00,2026-06-17T19:34:08+06:00,1,1,1,1.50,session
src/lib/staff-menu.ts,src/lib/staff-menu.ts,2026-06-06T13:28:12+06:00,2026-06-19T08:03:24+06:00,9,9,2,0.00,
src/lib/staff-pos-invoice.ts,src/lib/staff-pos-invoice.ts,2026-06-17T01:12:02+06:00,2026-06-17T11:40:15+06:00,2,2,2,0.00,
src/lib/staff-route-rbac.ts,src/lib/staff-route-rbac.ts,2026-06-18T01:18:31+06:00,2026-06-18T01:18:31+06:00,1,1,1,0.00,
src/lib/tinify.ts,src/lib/tinify.ts,2026-06-06T12:16:29+06:00,2026-06-19T14:54:31+06:00,6,6,2,0.00,
src/lib/totp.ts,src/lib/totp.ts,2026-06-18T16:19:58+06:00,2026-06-18T17:00:14+06:00,2,2,1,0.00,
src/lib/turnstile.ts,src/lib/turnstile.ts,2026-06-16T18:38:40+06:00,2026-06-19T06:42:55+06:00,2,2,2,1.00,bot
src/lib/web-vitals.ts,src/lib/web-vitals.ts,2026-06-18T16:19:58+06:00,2026-06-18T17:00:14+06:00,2,2,1,0.00,
src/middleware.ts,src/middleware.ts,2026-06-06T12:16:29+06:00,2026-06-19T22:00:56+06:00,17,17,2,1.50,security_perimeter
src/pages/about.astro,src/pages/about.astro,2026-06-19T05:01:56+06:00,2026-06-19T05:01:56+06:00,1,1,1,0.00,
src/pages/api/buy-now/session.ts,src/pages/api/buy-now/session.ts,2026-06-18T17:00:14+06:00,2026-06-18T23:43:47+06:00,2,2,2,1.00,checkout
src/pages/api/buy-now/submit.ts,src/pages/api/buy-now/submit.ts,2026-06-18T17:00:14+06:00,2026-06-19T20:59:40+06:00,8,8,2,1.00,checkout
src/pages/api/cart/index.ts,src/pages/api/cart/index.ts,2026-06-19T20:35:33+06:00,2026-06-19T20:59:40+06:00,2,2,1,0.00,
src/pages/api/checkout.ts,src/pages/api/checkout.ts,2026-06-06T12:16:29+06:00,2026-06-19T22:08:24+06:00,22,22,2,1.50,checkout
src/pages/api/fraud/check.ts,src/pages/api/fraud/check.ts,2026-06-06T12:16:29+06:00,2026-06-19T06:42:55+06:00,6,6,2,0.00,
src/pages/api/me/data.ts,src/pages/api/me/data.ts,2026-06-19T07:57:00+06:00,2026-06-19T14:39:02+06:00,2,2,1,0.00,
src/pages/api/me/delete.ts,src/pages/api/me/delete.ts,2026-06-19T07:57:00+06:00,2026-06-19T19:15:51+06:00,3,3,1,0.00,
src/pages/api/me/verify-phone/confirm.ts,src/pages/api/me/verify-phone/confirm.ts,2026-06-19T08:54:47+06:00,2026-06-19T08:54:47+06:00,1,1,1,0.00,
src/pages/api/me/verify-phone/send.ts,src/pages/api/me/verify-phone/send.ts,2026-06-19T08:54:47+06:00,2026-06-19T14:39:02+06:00,2,2,1,0.00,
src/pages/api/orders/track.ts,src/pages/api/orders/track.ts,2026-06-06T12:16:29+06:00,2026-06-18T23:43:47+06:00,2,2,2,0.00,
src/pages/api/payments/create.ts,src/pages/api/payments/create.ts,2026-06-06T12:16:29+06:00,2026-06-19T20:35:33+06:00,8,8,2,1.50,payments
src/pages/api/payments/reconcile.ts,src/pages/api/payments/reconcile.ts,2026-06-19T20:35:33+06:00,2026-06-19T20:35:33+06:00,1,1,1,1.50,payments
src/pages/api/payments/status/[id].ts,src/pages/api/payments/status/[id].ts,2026-06-06T12:16:29+06:00,2026-06-18T23:43:47+06:00,2,2,2,1.50,payments
src/pages/api/payments/webhook.ts,src/pages/api/payments/webhook.ts,2026-06-06T12:16:29+06:00,2026-06-19T14:39:02+06:00,12,12,2,1.50,payments
src/pages/api/search.ts,src/pages/api/search.ts,2026-06-16T18:38:40+06:00,2026-06-18T23:43:47+06:00,3,3,2,0.00,
src/pages/api/staff/ai/generate-product-content.ts,src/pages/api/staff/ai/generate-product-content.ts,2026-06-07T21:14:22+06:00,2026-06-19T05:01:56+06:00,7,7,2,0.00,
src/pages/api/staff/api-code/index.ts,src/pages/api/staff/api-code/index.ts,2026-06-06T13:28:12+06:00,2026-06-18T23:43:47+06:00,5,5,2,0.00,
src/pages/api/staff/api-keys/index.ts,src/pages/api/staff/api-keys/index.ts,2026-06-07T21:14:22+06:00,2026-06-18T23:43:47+06:00,5,5,2,0.00,
src/pages/api/staff/coupons/[id].ts,src/pages/api/staff/coupons/[id].ts,2026-06-07T13:57:57+06:00,2026-06-18T23:43:47+06:00,3,3,2,0.00,
src/pages/api/staff/coupons/index.ts,src/pages/api/staff/coupons/index.ts,2026-06-07T13:57:57+06:00,2026-06-18T23:43:47+06:00,3,3,2,0.00,
src/pages/api/staff/fraud/override.ts,src/pages/api/staff/fraud/override.ts,2026-06-08T11:55:42+06:00,2026-06-18T23:43:47+06:00,2,2,2,1.00,fraud
src/pages/api/staff/invoices/[id]/index.ts,src/pages/api/staff/invoices/[id]/index.ts,2026-06-17T00:59:39+06:00,2026-06-18T23:43:47+06:00,3,3,2,1.00,pos
src/pages/api/staff/invoices/[id]/print.ts,src/pages/api/staff/invoices/[id]/print.ts,2026-06-17T00:59:39+06:00,2026-06-18T23:43:47+06:00,3,3,2,1.00,pos
src/pages/api/staff/invoices/[id]/void.ts,src/pages/api/staff/invoices/[id]/void.ts,2026-06-17T00:59:39+06:00,2026-06-18T23:43:47+06:00,3,3,2,1.00,pos
src/pages/api/staff/invoices/index.ts,src/pages/api/staff/invoices/index.ts,2026-06-17T00:59:39+06:00,2026-06-19T20:39:54+06:00,5,5,2,1.00,pos
src/pages/api/staff/login.ts,src/pages/api/staff/login.ts,2026-06-06T12:16:29+06:00,2026-06-19T14:54:31+06:00,20,20,2,1.50,auth
src/pages/api/staff/logout.ts,src/pages/api/staff/logout.ts,2026-06-06T12:16:29+06:00,2026-06-18T23:43:47+06:00,8,8,2,0.00,
src/pages/api/staff/orders/[id]/confirm.ts,src/pages/api/staff/orders/[id]/confirm.ts,2026-06-06T12:16:29+06:00,2026-06-19T22:08:24+06:00,9,9,2,1.00,orders
src/pages/api/staff/orders/[id]/courier.ts,src/pages/api/staff/orders/[id]/courier.ts,2026-06-19T15:01:08+06:00,2026-06-19T15:01:08+06:00,1,1,1,1.00,orders
src/pages/api/staff/orders/[id]/invoice.ts,src/pages/api/staff/orders/[id]/invoice.ts,2026-06-17T01:12:02+06:00,2026-06-17T11:40:15+06:00,2,2,2,1.00,orders
src/pages/api/staff/orders/[id]/label.ts,src/pages/api/staff/orders/[id]/label.ts,2026-06-07T13:57:57+06:00,2026-06-19T07:57:00+06:00,3,3,2,1.00,orders
src/pages/api/staff/orders/create.ts,src/pages/api/staff/orders/create.ts,2026-06-07T13:57:57+06:00,2026-06-19T22:00:56+06:00,15,15,2,1.00,orders
src/pages/api/staff/returns/[id]/approve.ts,src/pages/api/staff/returns/[id]/approve.ts,2026-06-16T18:38:40+06:00,2026-06-19T14:39:02+06:00,7,7,2,0.00,
src/pages/api/staff/returns/[id]/reject.ts,src/pages/api/staff/returns/[id]/reject.ts,2026-06-16T18:38:40+06:00,2026-06-18T23:43:47+06:00,2,2,2,0.00,
src/pages/api/staff/returns/index.ts,src/pages/api/staff/returns/index.ts,2026-06-16T18:38:40+06:00,2026-06-18T23:43:47+06:00,2,2,2,0.00,
src/pages/api/staff/step-up.ts,src/pages/api/staff/step-up.ts,2026-06-08T20:57:22+06:00,2026-06-19T14:39:02+06:00,3,3,2,0.00,
src/pages/api/staff/totp/disable.ts,src/pages/api/staff/totp/disable.ts,2026-06-19T08:03:24+06:00,2026-06-19T14:54:31+06:00,2,2,1,0.00,
src/pages/api/staff/totp/setup.ts,src/pages/api/staff/totp/setup.ts,2026-06-19T07:57:00+06:00,2026-06-19T08:03:24+06:00,2,2,1,0.00,
src/pages/api/staff/totp/verify.ts,src/pages/api/staff/totp/verify.ts,2026-06-19T07:57:00+06:00,2026-06-19T14:54:31+06:00,3,3,1,0.00,
src/pages/api/staff/uploads.ts,src/pages/api/staff/uploads.ts,2026-06-06T12:16:29+06:00,2026-06-19T20:59:40+06:00,8,8,2,0.00,
src/pages/api/stock/[variantId].ts,src/pages/api/stock/[variantId].ts,2026-06-06T12:16:29+06:00,2026-06-18T23:43:47+06:00,3,3,2,0.00,
src/pages/blog/[slug].astro,src/pages/blog/[slug].astro,2026-06-19T14:52:28+06:00,2026-06-19T14:52:28+06:00,1,1,1,0.00,
src/pages/buy-now/[slug].astro,src/pages/buy-now/[slug].astro,2026-06-18T17:00:14+06:00,2026-06-19T22:00:56+06:00,8,8,2,0.00,
src/pages/cart.astro,src/pages/cart.astro,2026-06-19T20:35:33+06:00,2026-06-19T20:35:33+06:00,1,1,1,0.00,
src/pages/categories/[slug].astro,src/pages/categories/[slug].astro,2026-06-06T12:16:29+06:00,2026-06-18T16:19:58+06:00,4,4,2,0.00,
src/pages/checkout.astro,src/pages/checkout.astro,2026-06-06T12:16:29+06:00,2026-06-19T19:15:51+06:00,6,6,2,0.00,
src/pages/collections/[slug].astro,src/pages/collections/[slug].astro,2026-06-19T14:52:28+06:00,2026-06-19T14:52:28+06:00,1,1,1,0.00,
src/pages/index.astro,src/pages/index.astro,2026-06-06T12:16:29+06:00,2026-06-18T16:19:58+06:00,6,6,2,0.00,
src/pages/order-track.astro,src/pages/order-track.astro,2026-06-06T12:16:29+06:00,2026-06-19T14:39:02+06:00,6,6,2,0.00,
src/pages/orders.astro,src/pages/orders.astro,2026-06-06T12:16:29+06:00,2026-06-19T14:39:02+06:00,4,4,2,0.00,
src/pages/privacy.astro,src/pages/privacy.astro,2026-06-19T05:01:56+06:00,2026-06-19T05:01:56+06:00,1,1,1,0.00,
src/pages/products/[slug].astro,src/pages/products/[slug].astro,2026-06-06T12:16:29+06:00,2026-06-18T23:54:08+06:00,7,7,2,0.00,
src/pages/return-policy.astro,src/pages/return-policy.astro,2026-06-19T05:01:56+06:00,2026-06-19T05:01:56+06:00,1,1,1,0.00,
src/pages/robots.txt.ts,src/pages/robots.txt.ts,2026-06-19T07:57:00+06:00,2026-06-19T07:57:00+06:00,1,1,1,0.00,
src/pages/sitemap.xml.ts,src/pages/sitemap.xml.ts,2026-06-19T07:57:00+06:00,2026-06-19T22:08:24+06:00,3,3,1,0.00,
src/pages/size-guide.astro,src/pages/size-guide.astro,2026-06-19T05:01:56+06:00,2026-06-19T05:01:56+06:00,1,1,1,0.00,
src/pages/staff/api-code/index.astro,src/pages/staff/api-code/index.astro,2026-06-07T19:16:39+06:00,2026-06-19T14:39:02+06:00,11,11,2,0.00,
src/pages/staff/audit/index.astro,src/pages/staff/audit/index.astro,2026-06-07T19:16:39+06:00,2026-06-19T14:39:02+06:00,6,6,2,0.00,
src/pages/staff/backups/index.astro,src/pages/staff/backups/index.astro,2026-06-07T19:16:39+06:00,2026-06-19T14:39:02+06:00,8,8,2,0.00,
src/pages/staff/coupons/index.astro,src/pages/staff/coupons/index.astro,2026-06-07T19:16:39+06:00,2026-06-19T14:39:02+06:00,8,8,2,0.00,
src/pages/staff/fraud/index.astro,src/pages/staff/fraud/index.astro,2026-06-07T19:16:39+06:00,2026-06-19T14:39:02+06:00,8,8,2,0.00,
src/pages/staff/guardrails.astro,src/pages/staff/guardrails.astro,2026-06-19T07:57:00+06:00,2026-06-19T15:13:28+06:00,3,3,1,0.00,
src/pages/staff/index.astro,src/pages/staff/index.astro,2026-06-06T12:16:29+06:00,2026-06-19T14:39:02+06:00,11,11,2,0.00,
src/pages/staff/inventory/index.astro,src/pages/staff/inventory/index.astro,2026-06-07T19:16:39+06:00,2026-06-19T14:39:02+06:00,6,6,2,0.00,
src/pages/staff/login.astro,src/pages/staff/login.astro,2026-06-06T13:28:12+06:00,2026-06-19T20:35:33+06:00,10,10,2,0.00,
src/pages/staff/media-admin/index.astro,src/pages/staff/media-admin/index.astro,2026-06-07T19:16:39+06:00,2026-06-19T14:39:02+06:00,8,8,2,0.00,
src/pages/staff/media/index.astro,src/pages/staff/media/index.astro,2026-06-07T19:16:39+06:00,2026-06-19T14:39:02+06:00,7,7,2,0.00,
src/pages/staff/orders/[id].astro,src/pages/staff/orders/[id].astro,2026-06-06T12:16:29+06:00,2026-06-18T23:43:47+06:00,11,11,2,0.00,
src/pages/staff/orders/index.astro,src/pages/staff/orders/index.astro,2026-06-07T19:16:39+06:00,2026-06-19T14:39:02+06:00,6,6,2,0.00,
src/pages/staff/packing/courier.astro,src/pages/staff/packing/courier.astro,2026-06-07T19:16:39+06:00,2026-06-19T15:01:08+06:00,7,7,2,0.00,
src/pages/staff/packing/index.astro,src/pages/staff/packing/index.astro,2026-06-07T19:16:39+06:00,2026-06-19T14:39:02+06:00,6,6,2,0.00,
src/pages/staff/packing/packed.astro,src/pages/staff/packing/packed.astro,2026-06-07T19:16:39+06:00,2026-06-19T14:39:02+06:00,5,5,2,0.00,
src/pages/staff/packing/slips.astro,src/pages/staff/packing/slips.astro,2026-06-07T19:16:39+06:00,2026-06-19T14:39:02+06:00,5,5,2,0.00,
src/pages/staff/products/[id].astro,src/pages/staff/products/[id].astro,2026-06-08T21:10:43+06:00,2026-06-18T23:43:47+06:00,2,2,2,0.00,
src/pages/staff/products/index.astro,src/pages/staff/products/index.astro,2026-06-07T19:16:39+06:00,2026-06-19T14:39:02+06:00,12,12,2,0.00,
src/pages/staff/reports/index.astro,src/pages/staff/reports/index.astro,2026-06-07T19:16:39+06:00,2026-06-19T14:39:02+06:00,5,5,2,0.00,
src/pages/staff/roles/index.astro,src/pages/staff/roles/index.astro,2026-06-07T19:16:39+06:00,2026-06-19T14:39:02+06:00,6,6,2,0.00,
src/pages/staff/sales/index.astro,src/pages/staff/sales/index.astro,2026-06-07T19:16:39+06:00,2026-06-19T14:39:02+06:00,6,6,2,0.00,
src/pages/staff/sales/instore.astro,src/pages/staff/sales/instore.astro,2026-06-07T19:16:39+06:00,2026-06-19T14:39:02+06:00,10,10,2,0.00,
src/pages/staff/sales/new.astro,src/pages/staff/sales/new.astro,2026-06-07T19:16:39+06:00,2026-06-19T14:39:02+06:00,9,9,2,0.00,
src/pages/staff/sales/notes.astro,src/pages/staff/sales/notes.astro,2026-06-07T19:16:39+06:00,2026-06-19T14:39:02+06:00,5,5,2,0.00,
src/pages/staff/sales/orders.astro,src/pages/staff/sales/orders.astro,2026-06-07T19:16:39+06:00,2026-06-19T14:39:02+06:00,6,6,2,0.00,
src/pages/staff/sales/pos-history.astro,src/pages/staff/sales/pos-history.astro,2026-06-17T00:59:39+06:00,2026-06-19T14:39:02+06:00,5,5,2,0.00,
src/pages/staff/sales/pos.astro,src/pages/staff/sales/pos.astro,2026-06-17T00:59:39+06:00,2026-06-19T14:39:02+06:00,6,6,2,0.00,
src/pages/staff/sales/search.astro,src/pages/staff/sales/search.astro,2026-06-07T19:16:39+06:00,2026-06-19T14:39:02+06:00,5,5,2,0.00,
src/pages/staff/settings/index.astro,src/pages/staff/settings/index.astro,2026-06-07T19:16:39+06:00,2026-06-19T14:39:02+06:00,8,8,2,0.00,
src/pages/staff/settings/totp.astro,src/pages/staff/settings/totp.astro,2026-06-19T08:03:24+06:00,2026-06-19T14:54:31+06:00,3,3,1,0.00,
src/pages/staff/support/escalations.astro,src/pages/staff/support/escalations.astro,2026-06-07T19:16:39+06:00,2026-06-19T14:39:02+06:00,5,5,2,0.00,
src/pages/staff/support/index.astro,src/pages/staff/support/index.astro,2026-06-07T19:16:39+06:00,2026-06-19T14:39:02+06:00,7,7,2,0.00,
src/pages/staff/support/search.astro,src/pages/staff/support/search.astro,2026-06-07T19:16:39+06:00,2026-06-19T14:39:02+06:00,5,5,2,0.00,
src/pages/staff/users/index.astro,src/pages/staff/users/index.astro,2026-06-07T19:16:39+06:00,2026-06-19T14:39:02+06:00,8,8,2,0.00,
src/pages/terms.astro,src/pages/terms.astro,2026-06-19T05:01:56+06:00,2026-06-19T05:01:56+06:00,1,1,1,0.00,
src/pwa/sw.template.js,src/pwa/sw.template.js,2026-06-19T15:09:19+06:00,2026-06-19T15:09:19+06:00,1,1,1,0.00,
src/queues/consumers.ts,src/queues/consumers.ts,2026-06-16T18:38:40+06:00,2026-06-19T20:59:40+06:00,14,14,2,0.00,
src/styles/global.css,src/styles/global.css,2026-06-06T12:16:29+06:00,2026-06-18T17:35:29+06:00,8,8,1,0.00,
terminals/.next-id,terminals/.next-id,2026-06-17T19:34:08+06:00,2026-06-17T19:34:08+06:00,1,1,1,0.00,
terminals/1.txt,terminals/1.txt,2026-06-17T19:34:08+06:00,2026-06-17T19:34:08+06:00,1,1,1,0.00,
tests/abandoned-cart-email.test.ts,tests/abandoned-cart-email.test.ts,2026-06-19T06:42:55+06:00,2026-06-19T06:42:55+06:00,1,1,1,0.00,
tests/api-keys.test.ts,tests/api-keys.test.ts,2026-06-08T18:49:04+06:00,2026-06-08T18:49:04+06:00,1,1,1,0.00,
tests/autocomplete.test.ts,tests/autocomplete.test.ts,2026-06-16T19:16:26+06:00,2026-06-16T19:16:26+06:00,1,1,1,0.00,
tests/backup-drill.test.ts,tests/backup-drill.test.ts,2026-06-16T23:42:36+06:00,2026-06-17T00:43:13+06:00,2,2,1,0.00,
tests/checkout-prepayment.test.ts,tests/checkout-prepayment.test.ts,2026-06-18T01:18:31+06:00,2026-06-18T01:18:31+06:00,1,1,1,0.00,
tests/checkout.test.ts,tests/checkout.test.ts,2026-06-06T12:16:29+06:00,2026-06-18T01:18:31+06:00,6,6,2,0.00,
tests/content-moderation.test.ts,tests/content-moderation.test.ts,2026-06-16T19:16:26+06:00,2026-06-16T19:16:26+06:00,1,1,1,0.00,
tests/cron-imports.test.ts,tests/cron-imports.test.ts,2026-06-06T12:16:29+06:00,2026-06-06T12:16:29+06:00,1,1,1,0.00,
tests/csrf.test.ts,tests/csrf.test.ts,2026-06-06T12:16:29+06:00,2026-06-18T01:18:31+06:00,2,2,2,0.00,
tests/drift-audit-script.test.ts,tests/drift-audit-script.test.ts,2026-06-19T06:58:32+06:00,2026-06-19T06:58:32+06:00,1,1,1,0.00,
tests/fraud.test.ts,tests/fraud.test.ts,2026-06-06T12:16:29+06:00,2026-06-18T17:00:14+06:00,3,3,1,0.00,
tests/fraudbd-circuit-breaker.test.ts,tests/fraudbd-circuit-breaker.test.ts,2026-06-19T06:58:32+06:00,2026-06-19T07:31:22+06:00,2,2,1,0.00,
tests/image-resizing.test.ts,tests/image-resizing.test.ts,2026-06-18T01:18:31+06:00,2026-06-18T01:18:31+06:00,1,1,1,0.00,
tests/inventory-reconcile.test.ts,tests/inventory-reconcile.test.ts,2026-06-16T23:42:36+06:00,2026-06-18T01:18:31+06:00,3,3,2,0.00,
tests/inventory.test.ts,tests/inventory.test.ts,2026-06-06T12:16:29+06:00,2026-06-06T12:16:29+06:00,1,1,1,0.00,
tests/master-plan-v7-guardrails.test.ts,tests/master-plan-v7-guardrails.test.ts,2026-06-18T23:54:08+06:00,2026-06-19T15:09:19+06:00,5,5,1,0.00,
tests/media-access.test.ts,tests/media-access.test.ts,2026-06-08T18:49:04+06:00,2026-06-08T18:49:04+06:00,1,1,1,0.00,
tests/migration-fixtures.test.ts,tests/migration-fixtures.test.ts,2026-06-19T06:42:55+06:00,2026-06-19T15:01:08+06:00,4,4,1,0.00,
tests/order-state-machine.test.ts,tests/order-state-machine.test.ts,2026-06-16T18:38:40+06:00,2026-06-16T18:38:40+06:00,1,1,1,0.00,
tests/paid-expired-reservation.test.ts,tests/paid-expired-reservation.test.ts,2026-06-06T12:16:29+06:00,2026-06-06T12:16:29+06:00,1,1,1,0.00,
tests/payments.test.ts,tests/payments.test.ts,2026-06-06T12:16:29+06:00,2026-06-06T16:15:00+06:00,2,2,1,0.00,
tests/phase12-extended.test.ts,tests/phase12-extended.test.ts,2026-06-08T18:49:04+06:00,2026-06-08T20:57:22+06:00,2,2,1,0.00,
tests/phone.test.ts,tests/phone.test.ts,2026-06-06T12:16:29+06:00,2026-06-06T12:16:29+06:00,1,1,1,0.00,
tests/pos-invoices.test.ts,tests/pos-invoices.test.ts,2026-06-17T00:59:39+06:00,2026-06-18T17:00:14+06:00,3,3,1,0.00,
tests/prepayment.test.ts,tests/prepayment.test.ts,2026-06-07T13:57:57+06:00,2026-06-07T16:06:25+06:00,2,2,1,0.00,
tests/provider-adapters.test.ts,tests/provider-adapters.test.ts,2026-06-19T06:42:55+06:00,2026-06-19T06:42:55+06:00,1,1,1,0.00,
tests/public-islands-budget.test.ts,tests/public-islands-budget.test.ts,2026-06-18T01:18:31+06:00,2026-06-18T01:18:31+06:00,1,1,1,0.00,
tests/pwa.test.ts,tests/pwa.test.ts,2026-06-19T15:09:19+06:00,2026-06-19T15:09:19+06:00,1,1,1,0.00,
tests/race-conditions.test.ts,tests/race-conditions.test.ts,2026-06-06T12:16:29+06:00,2026-06-06T12:16:29+06:00,1,1,1,0.00,
tests/rbac.test.ts,tests/rbac.test.ts,2026-06-06T13:28:12+06:00,2026-06-08T20:57:22+06:00,3,3,1,0.00,
tests/red-team-gaps.test.ts,tests/red-team-gaps.test.ts,2026-06-19T14:54:31+06:00,2026-06-19T15:01:08+06:00,2,2,1,0.00,
tests/reservation-lifecycle.test.ts,tests/reservation-lifecycle.test.ts,2026-06-19T06:42:55+06:00,2026-06-19T06:42:55+06:00,1,1,1,0.00,
tests/schema-constraints.test.ts,tests/schema-constraints.test.ts,2026-06-18T01:18:31+06:00,2026-06-19T22:08:24+06:00,2,2,1,0.00,
tests/schema-naming.test.ts,tests/schema-naming.test.ts,2026-06-06T12:16:29+06:00,2026-06-06T12:16:29+06:00,1,1,1,0.00,
tests/security.test.ts,tests/security.test.ts,2026-06-06T15:34:50+06:00,2026-06-06T15:34:50+06:00,1,1,1,0.00,
tests/sessions.test.ts,tests/sessions.test.ts,2026-06-06T12:16:29+06:00,2026-06-06T12:16:29+06:00,1,1,1,0.00,
tests/staff-cookies.test.ts,tests/staff-cookies.test.ts,2026-06-17T19:34:08+06:00,2026-06-17T19:34:08+06:00,1,1,1,0.00,
tests/staff-menu.test.ts,tests/staff-menu.test.ts,2026-06-06T13:28:12+06:00,2026-06-19T07:57:00+06:00,5,5,2,0.00,
tests/staff-pos-invoice.test.ts,tests/staff-pos-invoice.test.ts,2026-06-17T01:12:02+06:00,2026-06-17T11:40:15+06:00,2,2,2,0.00,
tests/staff-route-rbac.test.ts,tests/staff-route-rbac.test.ts,2026-06-18T01:18:31+06:00,2026-06-18T01:18:31+06:00,1,1,1,0.00,
tests/stubs/cloudflare-workers.ts,tests/stubs/cloudflare-workers.ts,2026-06-06T19:31:13+06:00,2026-06-06T19:31:13+06:00,1,1,1,0.00,
tests/stubs/d1-mock.ts,tests/stubs/d1-mock.ts,2026-06-19T07:57:00+06:00,2026-06-19T07:57:00+06:00,1,1,1,0.00,
tests/tamper-counter.test.ts,tests/tamper-counter.test.ts,2026-06-17T00:43:13+06:00,2026-06-17T00:43:13+06:00,1,1,1,0.00,
tests/webhook-ingress.test.ts,tests/webhook-ingress.test.ts,2026-06-18T01:18:31+06:00,2026-06-18T01:18:31+06:00,1,1,1,0.00,
tsconfig.json,tsconfig.json,2026-06-06T12:16:29+06:00,2026-06-06T12:16:29+06:00,1,1,1,0.00,
vitest.config.ts,vitest.config.ts,2026-06-06T12:16:29+06:00,2026-06-06T19:31:13+06:00,2,2,1,0.00,
wrangler-entry.mjs,wrangler-entry.mjs,2026-06-16T17:12:22+06:00,2026-06-16T17:44:51+06:00,2,2,1,0.00,
wrangler.jsonc,wrangler.jsonc,2026-06-06T12:16:29+06:00,2026-06-19T18:55:40+06:00,14,14,2,0.00,
